#,Filename,File extension,Path,Size,Date created
17,02 Symphony 3 in F Mayor 1est. Mov.wma,.wma,\10 Romantic works\,"7,217,934",28 Jun 2007 21:45
18,03 Rastlose Liebe.wma,.wma,\10 Romantic works\,"1,983,338",28 Jun 2007 21:45
19,05 Requiem.- tuba mirum.wma,.wma,\10 Romantic works\,"8,336,412",28 Jun 2007 21:45
20,06 Annees de pelerinage.wma,.wma,\10 Romantic works\,"12,040,860",28 Jun 2007 21:45
21,07 Romeo and Juliet.wma,.wma,\10 Romantic works\,"4,748,272",28 Jun 2007 21:45
22,08 Symphony No. 1 in B flat major.wma,.wma,\10 Romantic works\,"6,108,364",28 Jun 2007 21:45
23,09 Tango.wma,.wma,\10 Romantic works\,"4,256,086",28 Jun 2007 21:45
24,10 Tristan e Islode.wma,.wma,\10 Romantic works\,"12,658,286",28 Jun 2007 21:45
25,11 La taberna del Puerto.wma,.wma,\10 Romantic works\,"3,737,166",28 Jun 2007 21:45
26,12 Cello concerto.wma,.wma,\10 Romantic works\,"3,057,104",28 Jun 2007 21:45
27,13 Dream Children.wma,.wma,\10 Romantic works\,"5,115,114",28 Jun 2007 21:45
28,14 Violin concerto In F major Op.7.wma,.wma,\10 Romantic works\,"5,517,848",28 Jun 2007 21:45
29,15 Symphony No. 85 B flat major.wma,.wma,\10 Romantic works\,"4,712,520",28 Jun 2007 21:45
30,16 Les Filles de Cadiz.wma,.wma,\10 Romantic works\,"4,963,042",28 Jun 2007 21:45
31,17 On a Overgrown Path.wma,.wma,\10 Romantic works\,"4,569,292",28 Jun 2007 21:45
34,01 Deposuit potentes.wma,.wma,\1000 Years Of Sacred Music Disc 4\,"3,665,286",03 Mar 2014 14:48
35,02 Esurientes.wma,.wma,\1000 Years Of Sacred Music Disc 4\,"1,643,484",03 Mar 2014 14:48
36,03 Suscepit Israel.wma,.wma,\1000 Years Of Sacred Music Disc 4\,"1,902,986",03 Mar 2014 14:48
37,04 Sicut locutus est.wma,.wma,\1000 Years Of Sacred Music Disc 4\,"1,688,238",03 Mar 2014 14:48
38,05 Gloria Patri.wma,.wma,\1000 Years Of Sacred Music Disc 4\,"3,289,920",03 Mar 2014 14:48
39,06 Sicut erat in principio.wma,.wma,\1000 Years Of Sacred Music Disc 4\,"2,994,658",03 Mar 2014 14:48
40,07 Antiphon.wma,.wma,\1000 Years Of Sacred Music Disc 4\,"614,460",03 Mar 2014 14:48
41,08 Te Deum.wma,.wma,\1000 Years Of Sacred Music Disc 4\,"16,783,488",03 Mar 2014 14:48
42,09 Jubilate Deo.wma,.wma,\1000 Years Of Sacred Music Disc 4\,"10,457,262",03 Mar 2014 14:48
43,10 Me Beloved spake.wma,.wma,\1000 Years Of Sacred Music Disc 4\,"13,714,288",03 Mar 2014 14:48
44,"11 O God, Thou art my God.wma",.wma,\1000 Years Of Sacred Music Disc 4\,"4,936,312",03 Mar 2014 14:48
45,"12 Lord, how long wilt Thou be angry.wma",.wma,\1000 Years Of Sacred Music Disc 4\,"4,766,322",03 Mar 2014 14:48
46,"13 Remember not, Lord our offences.wma",.wma,\1000 Years Of Sacred Music Disc 4\,"4,175,750",03 Mar 2014 14:48
47,"14 Hear my prayer, O Lord.wma",.wma,\1000 Years Of Sacred Music Disc 4\,"2,976,700",03 Mar 2014 14:48
48,15 Funeral March.wma,.wma,\1000 Years Of Sacred Music Disc 4\,"3,119,850",03 Mar 2014 14:48
49,16 Man that is born of a woman.wma,.wma,\1000 Years Of Sacred Music Disc 4\,"3,477,798",03 Mar 2014 14:48
50,17 In the midst of life.wma,.wma,\1000 Years Of Sacred Music Disc 4\,"5,330,020",03 Mar 2014 14:48
51,18 Canzona.wma,.wma,\1000 Years Of Sacred Music Disc 4\,"3,477,812",03 Mar 2014 14:48
52,"19 Thou knowest, Lord.wma",.wma,\1000 Years Of Sacred Music Disc 4\,"4,139,932",03 Mar 2014 14:48
53,20 Funeral March.wma,.wma,\1000 Years Of Sacred Music Disc 4\,"1,876,078",03 Mar 2014 14:48
56,01 Lamento d' Ariannna.wma,.wma,\1991 Collection\,"19,547,912",24 Aug 2009 13:20
57,02 Horn Concerto No. 3.wma,.wma,\1991 Collection\,"9,365,398",24 Aug 2009 13:20
58,03 Horn Concerto No. 3.wma,.wma,\1991 Collection\,"7,038,918",24 Aug 2009 13:20
59,04 Horn Concerto No. 3.wma,.wma,\1991 Collection\,"5,669,874",24 Aug 2009 13:20
60,05 St. Paul's Suite.wma,.wma,\1991 Collection\,"4,435,042",24 Aug 2009 13:20
61,06 St. Paul's Suite.wma,.wma,\1991 Collection\,"2,394,898",24 Aug 2009 13:20
62,07 St. Paul's Suite.wma,.wma,\1991 Collection\,"5,857,774",24 Aug 2009 13:20
63,08 St. Paul's Suite.wma,.wma,\1991 Collection\,"4,685,586",24 Aug 2009 13:20
64,09 On the Idle Hill of Summer.wma,.wma,\1991 Collection\,"5,311,978",24 Aug 2009 13:20
65,10 Wiegenlied.wma,.wma,\1991 Collection\,"2,725,964",24 Aug 2009 13:20
66,11 Andante cantabile.wma,.wma,\1991 Collection\,"9,651,740",24 Aug 2009 13:20
67,12 Asturias.wma,.wma,\1991 Collection\,"9,481,702",24 Aug 2009 13:20
68,13 From Bohemia's Meadows and Groves.wma,.wma,\1991 Collection\,"18,125,520",24 Aug 2009 13:20
71,"01 Piano Sonata in B Flat, K333 - Allegretto Grazioso.wma",.wma,\37257\,"9,338,292",28 Jun 2007 20:04
72,02 Violin Concerto - Aria II.wma,.wma,\37257\,"8,909,058",28 Jun 2007 20:04
73,03 Suor Angelica - Senza Mamma.wma,.wma,\37257\,"6,725,744",28 Jun 2007 20:04
74,04 Rigoletto Paraphrase (excerpt).wma,.wma,\37257\,"9,401,198",28 Jun 2007 20:04
75,05 The Diary Of One Who Disappeared.wma,.wma,\37257\,"4,936,154",28 Jun 2007 20:04
76,06 Adieu Ces Bons Vins de Lannoys.wma,.wma,\37257\,"6,555,734",28 Jun 2007 20:04
77,07 Benedicta Es Celorium.wma,.wma,\37257\,"7,092,618",28 Jun 2007 20:04
78,08 String Quartet No 1 - Rondo- Allegro Vivace.wma,.wma,\37257\,"9,660,712",28 Jun 2007 20:04
79,09 Souvenirs - Hesitation Waltz (A Bedroom Affair).wma,.wma,\37257\,"6,367,862",28 Jun 2007 20:04
80,"10 Symphony No 8 - Adagio, Feierlich langsam, doch nicht schleppend (excerpt).wma",.wma,\37257\,"7,280,616",28 Jun 2007 20:04
81,"11 Piano Sonata in E Flat, Op27 No 1 - Allegro Vivace.wma",.wma,\37257\,"8,631,718",28 Jun 2007 20:04
82,"12 Norma - Oh, rimembranza.wma",.wma,\37257\,"8,166,364",28 Jun 2007 20:04
83,"13 Waltz in E Flat, Op 18, Grande valse brillante.wma",.wma,\37257\,"6,645,248",28 Jun 2007 20:04
84,14 Competition 1.wma,.wma,\37257\,"1,025,824",28 Jun 2007 20:04
85,15 Competition 2.wma,.wma,\37257\,"3,101,760",28 Jun 2007 20:04
86,16 Competition 3.wma,.wma,\37257\,"1,339,004",28 Jun 2007 20:04
87,17 Competition 4.wma,.wma,\37257\,"1,392,692",28 Jun 2007 20:04
89,"01 From Holberg's Time, Praeludium.wma",.wma,\3D classics\,"4,282,560",27 Jun 2007 17:12
90,"02 From Holberg's Time, Sarabande.wma",.wma,\3D classics\,"6,188,848",27 Jun 2007 17:12
91,"03 From Holberg's Time, Gavotte.wma",.wma,\3D classics\,"5,535,640",27 Jun 2007 17:12
92,"04 From Holberg's Time, Air.wma",.wma,\3D classics\,"8,479,524",27 Jun 2007 17:12
93,"05 From Holberg's Time, Rigaudon.wma",.wma,\3D classics\,"5,777,238",27 Jun 2007 17:12
94,"06 Finlandia, op.26.wma",.wma,\3D classics\,"13,740,934",27 Jun 2007 17:12
95,07 Vitava (The Moldau).wma,.wma,\3D classics\,"17,928,608",27 Jun 2007 17:12
96,08 Les Preludes.wma,.wma,\3D classics\,"24,156,394",27 Jun 2007 17:12
99,01 The Today Program Part 1.wma,.wma,\40Th Anniversary\,"31,869,190",29 Jun 2007 08:05
100,02 The Today Program Part 2.wma,.wma,\40Th Anniversary\,"27,959,188",29 Jun 2007 08:05
101,03 Bonus Track.wma,.wma,\40Th Anniversary\,"5,893,394",29 Jun 2007 08:05
193,01 Handel- Arias for Durastanti.wma,.wma,\A Decade Of Excellence\,"8,604,602",25 Jun 2007 20:52
194,02 Is Any Afflicted.wma,.wma,\A Decade Of Excellence\,"2,600,884",25 Jun 2007 20:52
195,03 Nicola Matteis- Ayres for the violin.wma,.wma,\A Decade Of Excellence\,"5,473,240",25 Jun 2007 20:52
196,04 An English Ladymass.wma,.wma,\A Decade Of Excellence\,"5,312,088",25 Jun 2007 20:52
197,05 Lord Herbert of Cherbury's Lute Book.wma,.wma,\A Decade Of Excellence\,"2,162,440",25 Jun 2007 20:52
198,"06 Verse Anthems- Hear, O Heav'ns.wma",.wma,\A Decade Of Excellence\,"6,457,558",25 Jun 2007 20:52
199,07 Trio Sonatas- Sonata No.1 in E flat.wma,.wma,\A Decade Of Excellence\,"5,061,552",25 Jun 2007 20:52
200,08 Schubert- Octet in F.wma,.wma,\A Decade Of Excellence\,"5,643,154",25 Jun 2007 20:52
201,"09 Theodora Aria- With Darkness, deep.wma",.wma,\A Decade Of Excellence\,"5,446,422",25 Jun 2007 20:52
202,10 Three Suites- Suite No.1 in G minor.wma,.wma,\A Decade Of Excellence\,"3,450,928",25 Jun 2007 20:52
203,11 Sweeter Than Roses- Celia has a Thousand Charmes.wma,.wma,\A Decade Of Excellence\,"3,137,830",25 Jun 2007 20:52
204,12 Agripinna- Aria- L'alma mia.wma,.wma,\A Decade Of Excellence\,"3,415,188",25 Jun 2007 20:52
205,13 Fresh Keyboard Fruits Seven sonatas.wma,.wma,\A Decade Of Excellence\,"4,649,976",25 Jun 2007 20:52
206,14 Trio- Vivere e non amar.wma,.wma,\A Decade Of Excellence\,"4,641,138",25 Jun 2007 20:52
207,15 Ayo visto lo mapamundo.wma,.wma,\A Decade Of Excellence\,"5,920,678",25 Jun 2007 20:52
208,16 La Spagna.wma,.wma,\A Decade Of Excellence\,"3,710,470",25 Jun 2007 20:52
209,"17 Piano sonatas Sonata no. 2 in d minor, Op. 14- II Allegro marcato.wma",.wma,\A Decade Of Excellence\,"2,878,332",25 Jun 2007 20:52
210,18 RUSSIAN CHURCH MUSIC.wma,.wma,\A Decade Of Excellence\,"4,614,160",25 Jun 2007 20:52
211,"19 Ottone, re di germania Aria- Del minacciar del vento.wma",.wma,\A Decade Of Excellence\,"6,466,520",25 Jun 2007 20:52
212,20 Ottone- Duet- A' teneri affetti.wma,.wma,\A Decade Of Excellence\,"6,547,020",25 Jun 2007 20:52
213,21 WALTON.wma,.wma,\A Decade Of Excellence\,"4,667,852",25 Jun 2007 20:52
215,"a mad world, my masters.m4b",.m4b,"\a mad world, my masters\","289,489,212",16 May 2010 21:25
217,01 Blumenfest Polka.wma,.wma,\a musical offering\,"3,423,648",29 Jun 2007 20:31
218,03 Sonata No. 7 in B-flat major - third mvmt.wma,.wma,\a musical offering\,"5,052,556",29 Jun 2007 20:31
219,04 xarcarsas-ribayaz.wma,.wma,\a musical offering\,"4,148,780",29 Jun 2007 20:31
220,05 Glinka M - Farewell to St Petersburg-'Cradle Song'.wma,.wma,\a musical offering\,"6,251,646",29 Jun 2007 20:31
221,06 Principia.wma,.wma,\a musical offering\,"4,461,940",29 Jun 2007 20:31
222,07 Thais - Meditation.wma,.wma,\a musical offering\,"6,842,140",29 Jun 2007 20:31
223,08 The Padstow Lifeboat.wma,.wma,\a musical offering\,"6,842,146",29 Jun 2007 20:31
224,10 Message - Cantabile.wma,.wma,\a musical offering\,"11,897,716",29 Jun 2007 20:31
225,11 La plus que lente - Valse.wma,.wma,\a musical offering\,"6,081,584",29 Jun 2007 20:31
226,"12 Symphony No. 6, third mvmt.wma",.wma,\a musical offering\,"5,249,380",29 Jun 2007 20:31
227,"13 Sonata in A major, D 664 - 2nd Mvt.wma",.wma,\a musical offering\,"7,146,358",29 Jun 2007 20:31
228,14 The Berserking- A Concerto for Piano and Orchestra.wma,.wma,\a musical offering\,"12,255,754",29 Jun 2007 20:31
229,15 Nunc gaudeant matarna.wma,.wma,\a musical offering\,"3,513,430",29 Jun 2007 20:31
230,16 turandot-puccini.wma,.wma,\a musical offering\,"11,727,860",29 Jun 2007 20:31
232,04 Symphony No. 5 in C minor ('Fate') Op. 67- First Movement.wma,.wma,\A New Statement in Classical Music\,"11,065,786",24 Jun 2007 12:33
233,"05 Rondo on 'Go To the Devil', for piano in C major, H. 3.wma",.wma,\A New Statement in Classical Music\,"7,549,064",24 Jun 2007 12:33
234,"06 Linda di Chamounix, opera- O luce di quest'anima.wma",.wma,\A New Statement in Classical Music\,"5,401,688",24 Jun 2007 12:33
235,"07 Orfeo, opera- Chi mai dell'Erebo.wma",.wma,\A New Statement in Classical Music\,"14,904,438",24 Jun 2007 12:33
236,"08 Euridice, opera- In mille guise...Al canto, al ballo.wma",.wma,\A New Statement in Classical Music\,"6,394,896",24 Jun 2007 12:33
237,"09 Concerto for piano & orchestra, No 6 in B flat major- Movement 1.wma",.wma,\A New Statement in Classical Music\,"11,638,458",24 Jun 2007 12:33
238,"10 Concerto for piano & orchestra, No 6 in B flat major- Movement 2.wma",.wma,\A New Statement in Classical Music\,"5,052,730",24 Jun 2007 12:33
239,"11 Concerto for piano & orchestra, No 6 in B flat major- Movement 3.wma",.wma,\A New Statement in Classical Music\,"6,385,982",24 Jun 2007 12:33
240,"13 Messiah, oratorio, HWV 56- Hallelujah.wma",.wma,\A New Statement in Classical Music\,"5,195,884",24 Jun 2007 12:33
242,01 Eugene Onegin- Waltz.wma,.wma,\A Night At The Opera II\,"3,727,866",25 Jun 2007 20:20
243,01 Le nozze di Figaro.wma,.wma,\A Night At The Opera II\,"6,206,500",25 Jun 2007 20:17
244,02 Le nozze di Figaro.wma,.wma,\A Night At The Opera II\,"6,698,950",25 Jun 2007 20:17
245,02 TRAVIATA  BRINDIS.wma,.wma,\A Night At The Opera II\,"3,772,878",25 Jun 2007 20:20
246,03 La Faniculla del West.wma,.wma,\A Night At The Opera II\,"5,141,934",25 Jun 2007 20:20
247,03 La traviata.wma,.wma,\A Night At The Opera II\,"2,851,294",25 Jun 2007 20:17
248,04 La traviata.wma,.wma,\A Night At The Opera II\,"3,146,578",25 Jun 2007 20:17
249,04 RUSALKA  O SILVER MOON.wma,.wma,\A Night At The Opera II\,"6,591,510",25 Jun 2007 20:20
250,05 Carmen- Toreador Chorus.wma,.wma,\A Night At The Opera II\,"2,251,730",25 Jun 2007 20:20
251,05 La traviata.wma,.wma,\A Night At The Opera II\,"3,880,316",25 Jun 2007 20:17
252,06 Carmen- Je Dis Que Rien Ne M'Epouvante.wma,.wma,\A Night At The Opera II\,"5,276,184",25 Jun 2007 20:20
253,06 La traviata.wma,.wma,\A Night At The Opera II\,"6,376,808",25 Jun 2007 20:17
254,07 Madam Butterfly Humming Chorus.wma,.wma,\A Night At The Opera II\,"5,508,852",25 Jun 2007 20:20
255,07 Pagliacci.wma,.wma,\A Night At The Opera II\,"4,282,982",25 Jun 2007 20:17
256,08 L'ELIXIR D'AMORE  UNA FURTIVA LAGRIMA.wma,.wma,\A Night At The Opera II\,"3,441,850",25 Jun 2007 20:20
257,08 Pagliacci.wma,.wma,\A Night At The Opera II\,"1,142,234",25 Jun 2007 20:17
258,09 Fidelio Oh Welche Lust (Prisoners' Chorus).wma,.wma,\A Night At The Opera II\,"7,531,096",25 Jun 2007 20:20
259,09 Pagliacci.wma,.wma,\A Night At The Opera II\,"3,835,582",25 Jun 2007 20:17
260,10 Il barbiere di Siviglia.wma,.wma,\A Night At The Opera II\,"3,683,486",25 Jun 2007 20:17
261,10 TOSCA  RECONDITA ARMONIA.wma,.wma,\A Night At The Opera II\,"4,900,344",25 Jun 2007 20:20
262,11 Il barbiere di Siviglia.wma,.wma,\A Night At The Opera II\,"4,676,714",25 Jun 2007 20:17
263,11 TOSCA  VISSI D'ARTE.wma,.wma,\A Night At The Opera II\,"5,660,914",25 Jun 2007 20:20
264,12 La boheme.wma,.wma,\A Night At The Opera II\,"2,457,582",25 Jun 2007 20:17
265,12 La Gioconda Cielo E Mar.wma,.wma,\A Night At The Opera II\,"10,081,240",25 Jun 2007 20:20
266,13 La boheme.wma,.wma,\A Night At The Opera II\,"4,130,858",25 Jun 2007 20:17
267,"13 Lakme- Viens, Mallika...Dome Pais Le Jasmin.wma",.wma,\A Night At The Opera II\,"18,241,850",25 Jun 2007 20:20
268,14 Lady Macbeth of Mtsensk.wma,.wma,\A Night At The Opera II\,"9,177,568",25 Jun 2007 20:17
269,14 Track 14.wma,.wma,\A Night At The Opera II\,"8,792,612",25 Jun 2007 20:20
270,15 Track 15.wma,.wma,\A Night At The Opera II\,"9,794,788",25 Jun 2007 20:20
271,15 Turandot.wma,.wma,\A Night At The Opera II\,"9,293,852",25 Jun 2007 20:17
272,16 Pellease et Melisande.wma,.wma,\A Night At The Opera II\,"12,846,234",25 Jun 2007 20:17
273,17 Don Giovanni.wma,.wma,\A Night At The Opera II\,"7,656,374",25 Jun 2007 20:17
274,18 Don Giovanni.wma,.wma,\A Night At The Opera II\,"5,660,970",25 Jun 2007 20:17
278,"01 Adagio, From Clarinet Concerto.wma",.wma,\Adagio  Serene Classical Music for a Peaceful Mind Disc 1\,"21,579,002",28 Jun 2007 07:21
279,02 Adagio for Strings.wma,.wma,\Adagio  Serene Classical Music for a Peaceful Mind Disc 1\,"12,676,186",28 Jun 2007 07:21
280,"03 Adagio, From Sonata Pathetique.wma",.wma,\Adagio  Serene Classical Music for a Peaceful Mind Disc 1\,"16,908,608",28 Jun 2007 07:21
281,"04 Andante, From Piano Concerto No. 21 'Elvira Madigan'.wma",.wma,\Adagio  Serene Classical Music for a Peaceful Mind Disc 1\,"13,687,450",28 Jun 2007 07:21
283,01 Se qual gurriero io fossi... celeste Aida.wma,.wma,\Aida Disc 1\,"6,770,178",25 Jun 2007 16:59
284,"02 Or, di vulcano al tempio.wma",.wma,\Aida Disc 1\,"6,421,680",25 Jun 2007 16:59
285,03 Ritorna vincitor.wma,.wma,\Aida Disc 1\,"9,302,920",25 Jun 2007 16:59
286,04 Gloria all'egitto.wma,.wma,\Aida Disc 1\,"7,942,826",25 Jun 2007 16:59
287,"05 O re, pei sacri numi.wma",.wma,\Aida Disc 1\,"9,159,760",25 Jun 2007 16:59
288,06 Qui Radames verra... o patria mia.wma,.wma,\Aida Disc 1\,"7,781,794",25 Jun 2007 16:59
289,07 Ciel! Mio padre!... Rivedra! Le foreste imbalsamate.wma,.wma,\Aida Disc 1\,"7,414,962",25 Jun 2007 16:59
290,"08 Pur ti riveggo, mia dolce Aida.wma",.wma,\Aida Disc 1\,"8,757,120",25 Jun 2007 16:59
291,09 Vorrei salvarlo... gia sacerdoti adunans!.wma,.wma,\Aida Disc 1\,"14,313,850",25 Jun 2007 16:59
292,"10 Qual gemito!... Morir, si pura e bella!... O terra, addio.wma",.wma,\Aida Disc 1\,"4,846,898",25 Jun 2007 16:59
293,11 Aida IV.ii La fatal pietra sovra me si chiuse.wma,.wma,\Aida Disc 1\,"8,962,954",25 Jun 2007 16:59
294,12 Aida IV.ii Presago il core della tua condanna.wma,.wma,\Aida Disc 1\,"3,209,390",25 Jun 2007 16:59
295,"14 Aida, opera.wma",.wma,\Aida Disc 1\,"14,045,178",25 Jun 2007 16:59
297,01 PTAE501.wma,.wma,\Alex Affair 3 Disc 3\,"2,139,014",21 Oct 2008 21:30
298,02 PTAE502.wma,.wma,\Alex Affair 3 Disc 3\,"2,085,464",21 Oct 2008 21:30
299,03 PTAE503.wma,.wma,\Alex Affair 3 Disc 3\,"3,513,728",21 Oct 2008 21:30
300,04 PTAE504.wma,.wma,\Alex Affair 3 Disc 3\,"2,934,056",21 Oct 2008 21:30
301,05 PTAE505.wma,.wma,\Alex Affair 3 Disc 3\,"2,557,568",21 Oct 2008 21:30
302,06 PTAE506.wma,.wma,\Alex Affair 3 Disc 3\,"1,392,248",21 Oct 2008 21:30
303,07 PTAE507.wma,.wma,\Alex Affair 3 Disc 3\,"1,691,048",21 Oct 2008 21:30
304,08 PTAE508.wma,.wma,\Alex Affair 3 Disc 3\,"1,691,048",21 Oct 2008 21:30
305,09 PTAE509.wma,.wma,\Alex Affair 3 Disc 3\,"2,067,536",21 Oct 2008 21:30
306,10 PTAE510.wma,.wma,\Alex Affair 3 Disc 3\,"2,820,512",21 Oct 2008 21:30
307,11 PTAE511.wma,.wma,\Alex Affair 3 Disc 3\,"3,495,800",21 Oct 2008 21:30
308,12 PTAE612.wma,.wma,\Alex Affair 3 Disc 3\,"2,354,384",21 Oct 2008 21:30
309,13 PTAE613.wma,.wma,\Alex Affair 3 Disc 3\,"3,185,048",21 Oct 2008 21:30
310,14 PTAE614.wma,.wma,\Alex Affair 3 Disc 3\,"1,846,424",21 Oct 2008 21:30
311,15 PTAE615.wma,.wma,\Alex Affair 3 Disc 3\,"2,252,792",21 Oct 2008 21:30
312,16 PTAE616.wma,.wma,\Alex Affair 3 Disc 3\,"1,798,616",21 Oct 2008 21:30
313,17 PTAE617.wma,.wma,\Alex Affair 3 Disc 3\,"2,832,464",21 Oct 2008 21:30
314,18 PTAE618.wma,.wma,\Alex Affair 3 Disc 3\,"2,892,224",21 Oct 2008 21:30
315,19 PTAE619.wma,.wma,\Alex Affair 3 Disc 3\,"2,103,392",21 Oct 2008 21:30
316,20 PTAE620.wma,.wma,\Alex Affair 3 Disc 3\,"2,587,448",21 Oct 2008 21:30
317,21 PTAE621.wma,.wma,\Alex Affair 3 Disc 3\,"2,031,680",21 Oct 2008 21:30
318,22 PTAE622.wma,.wma,\Alex Affair 3 Disc 3\,"2,485,856",21 Oct 2008 21:30
320,01 Let the Bright Seraphim.wma,.wma,\Almanac 1992 Highlights of the Year\,"7,996,064",27 Jun 2007 20:26
321,02 Echo for Two Flutes - III. Presto.wma,.wma,\Almanac 1992 Highlights of the Year\,"2,403,980",27 Jun 2007 20:26
322,03 Symphony No. 39 - III. Menuetto. Allegretto.wma,.wma,\Almanac 1992 Highlights of the Year\,"6,600,602",27 Jun 2007 20:26
323,04 Martern aller Arten.wma,.wma,\Almanac 1992 Highlights of the Year\,"12,604,688",27 Jun 2007 20:26
324,05 La Boite a joujoux - I. Prelude.wma,.wma,\Almanac 1992 Highlights of the Year\,"4,560,444",27 Jun 2007 20:26
325,"06 String Sextet in B - flat Major, Op. 18 - III. Scherzo. Allegro molto.wma",.wma,\Almanac 1992 Highlights of the Year\,"4,399,554",27 Jun 2007 20:26
326,07 Cello Concerto No. 2 - IV. Allegretto vivo.wma,.wma,\Almanac 1992 Highlights of the Year\,"7,003,236",27 Jun 2007 20:26
327,08 Piano Concerto No. 2 in C Minor - I. Moderato.wma,.wma,\Almanac 1992 Highlights of the Year\,"16,282,338",27 Jun 2007 20:26
328,09 Karfreitagszauber.wma,.wma,\Almanac 1992 Highlights of the Year\,"15,691,688",27 Jun 2007 20:26
329,"10 Jesu, Joy of Man's Desiring.wma",.wma,\Almanac 1992 Highlights of the Year\,"4,900,406",27 Jun 2007 20:26
330,11 En los Trigales.wma,.wma,\Almanac 1992 Highlights of the Year\,"5,696,738",27 Jun 2007 20:26
331,12 Deep River.wma,.wma,\Almanac 1992 Highlights of the Year\,"7,307,404",27 Jun 2007 20:26
332,13 The Nutcracker - Danse russe (Trepak).wma,.wma,\Almanac 1992 Highlights of the Year\,"1,697,074",27 Jun 2007 20:26
333,14 Hush Little Baby.wma,.wma,\Almanac 1992 Highlights of the Year\,"3,790,848",27 Jun 2007 20:26
334,15 Padre ricevi l'estremo addio.wma,.wma,\Almanac 1992 Highlights of the Year\,"7,656,418",27 Jun 2007 20:26
336,"01 American Pie, Pt.1.wma",.wma,\American Pie Disc 1\,"3,011,468",07 Jul 2007 11:16
337,02 Both Sides Now.wma,.wma,\American Pie Disc 1\,"3,226,604",30 Dec 2006 15:31
338,03 Maybe.wma,.wma,\American Pie Disc 1\,"5,939,708",07 Jul 2007 11:16
339,04 The Universal Soldier.wma,.wma,\American Pie Disc 1\,"4,511,444",30 Dec 2006 15:31
340,05 City of New Orleans.wma,.wma,\American Pie Disc 1\,"6,101,060",30 Dec 2006 15:31
341,"06 Farewell, Angelina.wma",.wma,\American Pie Disc 1\,"3,925,796",30 Dec 2006 15:31
342,07 Catch the Wind.wma,.wma,\American Pie Disc 1\,"2,688,764",30 Dec 2006 15:31
343,08 Baker Street.wma,.wma,\American Pie Disc 1\,"5,037,332",30 Dec 2006 15:31
344,09 The Leaving of Liverpool.wma,.wma,\American Pie Disc 1\,"9,447,620",30 Dec 2006 15:31
345,10 Someday Soon.wma,.wma,\American Pie Disc 1\,"5,945,684",30 Dec 2006 15:31
346,11 Rain.wma,.wma,\American Pie Disc 1\,"2,611,076",30 Dec 2006 15:31
347,12 The Weight.wma,.wma,\American Pie Disc 1\,"6,244,484",30 Dec 2006 15:31
348,13 Morning of My Life.wma,.wma,\American Pie Disc 1\,"8,754,404",07 Jul 2007 11:16
350,01 Christus Factus est pro nobis.wma,.wma,\An Introduction to Early Music\,"5,947,010",29 Jun 2007 08:01
351,"02 Factus est repente, comminio.wma",.wma,\An Introduction to Early Music\,"4,578,330",29 Jun 2007 08:01
352,"03 O viridissima virga, antiphon.wma",.wma,\An Introduction to Early Music\,"6,851,124",29 Jun 2007 08:01
353,04 Chominciamento di gioia.wma,.wma,\An Introduction to Early Music\,"10,850,868",29 Jun 2007 08:01
354,05 Belicha for consort.wma,.wma,\An Introduction to Early Music\,"3,280,852",29 Jun 2007 08:01
355,06 Saltarello 2.wma,.wma,\An Introduction to Early Music\,"2,717,114",29 Jun 2007 08:01
356,"07 Intemerata Dei mater, motet for 5 voices.wma",.wma,\An Introduction to Early Music\,"11,638,326",29 Jun 2007 08:01
357,08 Fantasia for lute No 55.wma,.wma,\An Introduction to Early Music\,"7,289,564",29 Jun 2007 08:01
358,10 Entrada.wma,.wma,\An Introduction to Early Music\,"5,285,180",29 Jun 2007 08:01
359,11 Guardame las vacas.wma,.wma,\An Introduction to Early Music\,"3,379,278",29 Jun 2007 08:01
360,"12 Faulte d'argent, song for 5 parts.wma",.wma,\An Introduction to Early Music\,"2,914,012",29 Jun 2007 08:01
361,13 Conde Claros.wma,.wma,\An Introduction to Early Music\,"5,079,386",29 Jun 2007 08:01
362,"14 Have mercy upon me, O God, consort song for S or A solo, SSATTB & organ or strings (inc. but can be reconstructed).wma",.wma,\An Introduction to Early Music\,"4,641,138",29 Jun 2007 08:01
363,15 La Pastorella Mia.wma,.wma,\An Introduction to Early Music\,"4,345,660",29 Jun 2007 08:01
364,"16 Missa Papae Marcelli, for 6 voices- Kyrie.wma",.wma,\An Introduction to Early Music\,"6,645,528",29 Jun 2007 08:01
365,17 Fantasia in C minor.wma,.wma,\An Introduction to Early Music\,"7,209,024",29 Jun 2007 08:01
366,18 Suite for harpsichord in F major- Gigue.wma,.wma,\An Introduction to Early Music\,"2,735,252",29 Jun 2007 08:01
405,"01 Karelia - Tableau 2, 'The founding of Viipuri Castle'.wma",.wma,\Angel Voices- Anonymous 4\,"3,615,046",03 Mar 2014 15:38
406,"02 Symphony No. 3 in D minor - final movement, 'Langsam. Ruhevoll. Empfunden', opening.wma",.wma,\Angel Voices- Anonymous 4\,"5,868,364",03 Mar 2014 15:38
407,03 Les 'Nuits d'Ete' - 'L'Absence'.wma,.wma,\Angel Voices- Anonymous 4\,"5,611,294",03 Mar 2014 15:38
408,"04 Piano Sonata No. 1 in F# minor, Op. 11 - 1st Movt. 'Introduzione. Un poco Adagio - Allegro vivace'.wma",.wma,\Angel Voices- Anonymous 4\,"5,061,638",03 Mar 2014 15:38
409,"05 Notturno No. 1 in C major - 3rd movt., 'Adagio' and final movt., 'Finale. Presto'.wma",.wma,\Angel Voices- Anonymous 4\,"5,372,350",03 Mar 2014 15:38
410,"06 The Creation - Part Two, 'Vollendet ist das grosse Werk', opening.wma",.wma,\Angel Voices- Anonymous 4\,"5,611,358",03 Mar 2014 15:38
411,07 Second Rhapsody for Orchestra and Piano - opening.wma,.wma,\Angel Voices- Anonymous 4\,"3,681,084",03 Mar 2014 15:38
412,08 Symphony No. 3 - extract.wma,.wma,\Angel Voices- Anonymous 4\,"3,125,262",03 Mar 2014 15:38
413,09 Favus distillans.wma,.wma,\Angel Voices- Anonymous 4\,"6,639,162",03 Mar 2014 15:38
414,10 O quam preciosa.wma,.wma,\Angel Voices- Anonymous 4\,"6,842,344",03 Mar 2014 15:38
415,"11 String Quartet in E minor, Op. 121 - final movt., 'Allegro', opening.wma",.wma,\Angel Voices- Anonymous 4\,"3,854,420",03 Mar 2014 15:38
416,"12 Cello Concerto, Op. 129 - second movt., 'Langsam'.wma",.wma,\Angel Voices- Anonymous 4\,"4,063,548",03 Mar 2014 15:38
417,13 Fruhlingsstimmen.wma,.wma,\Angel Voices- Anonymous 4\,"5,808,482",03 Mar 2014 15:38
419,01 Sinfonia 4 - Part 1.wma,.wma,\Anton Bruckner - Sinfonia N. 4 - Romantica\,"21,275,194",02 Jul 2007 18:54
420,02 Sinfonia 4 - Part 2.wma,.wma,\Anton Bruckner - Sinfonia N. 4 - Romantica\,"19,082,932",02 Jul 2007 18:53
421,03 Sinfonia 4 - Part 3.wma,.wma,\Anton Bruckner - Sinfonia N. 4 - Romantica\,"15,092,120",02 Jul 2007 18:53
422,04 Sinfonia 4 - Part 4.wma,.wma,\Anton Bruckner - Sinfonia N. 4 - Romantica\,"24,952,816",02 Jul 2007 18:54
424,"01 Nell Gwyn, incidental music- Pastoral Dance.wma",.wma,\Around the World in 80 Minutes\,"4,783,746",24 Jun 2007 12:22
425,"02 Preludes (25) for piano, Op. 31- Doucement, Suite No 3.wma",.wma,\Around the World in 80 Minutes\,"2,368,416",24 Jun 2007 12:22
426,"04 La Pentola magica, ballet, P 129- Dance of the Tartar Archers.wma",.wma,\Around the World in 80 Minutes\,"3,576,378",24 Jun 2007 12:22
427,05 Memories of Childhood-- Butterfly in the Meadow.wma,.wma,\Around the World in 80 Minutes\,"3,844,778",24 Jun 2007 12:22
428,06 Hungarian Children's World- The Little Gypsy.wma,.wma,\Around the World in 80 Minutes\,"6,976,594",24 Jun 2007 12:22
429,"07 Suite (Serenade) for orchestra, Op 3- Adagio.wma",.wma,\Around the World in 80 Minutes\,"8,148,786",24 Jun 2007 12:22
430,"08 Stabat Mater for solo voices, chorus & orchestra, Op 53, M 60- Christe, cum sit hinc exire.wma",.wma,\Around the World in 80 Minutes\,"7,692,458",24 Jun 2007 12:22
431,"09 Symphony No. 5 in C, Op. 57- 'Rest'.wma",.wma,\Around the World in 80 Minutes\,"10,609,472",24 Jun 2007 12:22
432,"10 Trio for piano, violin & cello, No 2 in A, Op 64- Andante.wma",.wma,\Around the World in 80 Minutes\,"10,851,102",24 Jun 2007 12:22
433,"11 Pieces (3) for piano, Op.12- No.1, Prelude (Lento).wma",.wma,\Around the World in 80 Minutes\,"4,372,804",24 Jun 2007 12:22
434,"12 Enchanted Lake, for orchestra, Op 62.wma",.wma,\Around the World in 80 Minutes\,"11,692,004",24 Jun 2007 12:22
435,13 Singing the Night among Fishing Boats.wma,.wma,\Around the World in 80 Minutes\,"7,987,518",24 Jun 2007 12:22
436,14 Symphony No. 4 in C minor 'Pursuit of Happiness'- Excerpt.wma,.wma,\Around the World in 80 Minutes\,"10,752,650",24 Jun 2007 12:22
437,"15 Woodland Sketches (10) for piano, Op. 51- To a Wild Rose.wma",.wma,\Around the World in 80 Minutes\,"2,207,330",24 Jun 2007 12:22
439,"01 Winter Bonfire, suite for narrator, boy's chorus, & orchestra, Op. 122- The Departure.wma",.wma,\ASVitality  The Classical Sampler\,"3,915,804",24 Jun 2007 12:37
440,02 Mass 'Dum Sacrum Mysterium' for 10 voices- Gloria.wma,.wma,\ASVitality  The Classical Sampler\,"10,806,366",24 Jun 2007 12:37
441,"03 Symphony No. 29 in A major, K. 201 (K. 186a)- 4th Movement.wma",.wma,\ASVitality  The Classical Sampler\,"7,012,454",24 Jun 2007 12:37
442,"04 Exsultate, jubilate, motet for soprano & orchestra, K. 165 (K. 158a)- Alleluja.wma",.wma,\ASVitality  The Classical Sampler\,"3,844,862",24 Jun 2007 12:37
443,05 Sonata a quattro (String Symphony) No. 1 in G major- 3rd Movement.wma,.wma,\ASVitality  The Classical Sampler\,"3,549,554",24 Jun 2007 12:37
444,"06 Fantasie-Impromptu for piano in C sharp minor, Op. 66 (posth.), B. 87.wma",.wma,\ASVitality  The Classical Sampler\,"7,531,278",24 Jun 2007 12:37
445,"07 String quartet, No 1 In E minor 'From My Life'- 4th Movement.wma",.wma,\ASVitality  The Classical Sampler\,"8,229,350",24 Jun 2007 12:37
446,"08 Rustic Wedding, symphonic poem in E flat major, Op. 26- Serenade.wma",.wma,\ASVitality  The Classical Sampler\,"7,325,594",24 Jun 2007 12:37
447,"09 Totentanz (I & II), for piano & orchestra, S. 126 (LW H8)- Finale.wma",.wma,\ASVitality  The Classical Sampler\,"4,811,200",24 Jun 2007 12:37
448,"10 Violin Concerto in D major, Op. 77- 3rd Movement.wma",.wma,\ASVitality  The Classical Sampler\,"11,790,654",24 Jun 2007 12:37
449,"11 Slavonic Dance No. 15 for orchestra in C major, B. 147-7 (Op. 72-7).wma",.wma,\ASVitality  The Classical Sampler\,"4,784,234",24 Jun 2007 12:37
450,12 Work(s)- [Unspecified] Notturno.wma,.wma,\ASVitality  The Classical Sampler\,"9,732,572",24 Jun 2007 12:37
451,"14 La Vida breve, opera, G 35- Spanish Dance No. 1.wma",.wma,\ASVitality  The Classical Sampler\,"5,115,434",24 Jun 2007 12:37
452,"15 Gayane, ballet & concert suites- Lezghinka.wma",.wma,\ASVitality  The Classical Sampler\,"3,567,448",24 Jun 2007 12:37
453,"16 Etude for piano in C sharp minor, Op. 2-1.wma",.wma,\ASVitality  The Classical Sampler\,"4,632,082",24 Jun 2007 12:37
454,"17 Concerto for Clarinet & String Orchestra in C Minor, Op. 31- 3rd Movement.wma",.wma,\ASVitality  The Classical Sampler\,"11,522,202",24 Jun 2007 12:37
456,1 - Introduction.mp3,.mp3,"\Audio Guide to WDW - Main Street, USA\","3,139,665",30 Jul 2008 22:12
457,"10 - Walking Right Down The Middle Of Main Street, USA.mp3",.mp3,"\Audio Guide to WDW - Main Street, USA\","42,122,719",30 Jul 2008 22:12
458,11 - The West Side Story.mp3,.mp3,"\Audio Guide to WDW - Main Street, USA\","26,953,309",30 Jul 2008 22:12
459,12 - Closing Credits.mp3,.mp3,"\Audio Guide to WDW - Main Street, USA\","5,789,527",30 Jul 2008 22:12
460,13 - The Crystal Palace.mp3,.mp3,"\Audio Guide to WDW - Main Street, USA\","4,194,595",30 Jul 2008 22:12
461,14 - The Hub.mp3,.mp3,"\Audio Guide to WDW - Main Street, USA\","6,239,251",30 Jul 2008 22:12
462,15 - Conclusion.mp3,.mp3,"\Audio Guide to WDW - Main Street, USA\","3,130,471",30 Jul 2008 22:12
463,2 - The Journey Begins.mp3,.mp3,"\Audio Guide to WDW - Main Street, USA\","5,207,727",30 Jul 2008 22:12
464,"3 - Entrance To Main Street, USA.mp3",.mp3,"\Audio Guide to WDW - Main Street, USA\","8,852,331",30 Jul 2008 22:12
465,4 - Crossroads Of An Era.mp3,.mp3,"\Audio Guide to WDW - Main Street, USA\","7,204,736",30 Jul 2008 22:12
466,5 - Town Square.mp3,.mp3,"\Audio Guide to WDW - Main Street, USA\","18,841,556",30 Jul 2008 22:12
467,6 - Main Street Vehicles and the Harmony Barber Shop.mp3,.mp3,"\Audio Guide to WDW - Main Street, USA\","7,549,970",30 Jul 2008 22:12
468,7 - Town Square Exposition Hall.mp3,.mp3,"\Audio Guide to WDW - Main Street, USA\","13,342,049",30 Jul 2008 22:12
469,8 - Forced Perspective.mp3,.mp3,"\Audio Guide to WDW - Main Street, USA\","6,563,587",30 Jul 2008 22:12
470,9 - The Windows Of Main Street.mp3,.mp3,"\Audio Guide to WDW - Main Street, USA\","6,416,465",30 Jul 2008 22:12
472,"01 STRING QUARTET in B flat major, Op.4 B17 - 1. Allegro non troppo.wma",.wma,\B.C.Dvorak String Quartets-02\,"16,541,288",27 Jun 2007 22:26
473,"02 STRING QUARTET in B flat major, Op.4 B17 - 2. Largo.wma",.wma,\B.C.Dvorak String Quartets-02\,"22,357,888",27 Jun 2007 22:26
474,03 String Quartet in B flat major Op. 4 B17 3 Allegro con brio.wma,.wma,\B.C.Dvorak String Quartets-02\,"10,027,560",27 Jun 2007 22:26
475,04 String Quartet in B flat major Op. 4 B17 4 Finale- andante-allegro guisto-allegro con fuoco.wma,.wma,\B.C.Dvorak String Quartets-02\,"22,071,632",27 Jun 2007 22:26
476,05 Quartetsatz- andante appassionato.wma,.wma,\B.C.Dvorak String Quartets-02\,"10,134,884",27 Jun 2007 22:26
478,01 Viola Sonata in C miner(1823-24)-Adagio-allegro.wma,.wma,\B.C.Mendelssohn Chamber CD03\,"8,371,822",21 May 2010 13:32
479,02 Viola Sonata in C miner(1823-24)-Menuetto(allegro molto).wma,.wma,\B.C.Mendelssohn Chamber CD03\,"8,604,982",21 May 2010 13:32
480,03 Viola Sonata in C miner(1823-24)-Andante con variazioni.wma,.wma,\B.C.Mendelssohn Chamber CD03\,"17,302,436",21 May 2010 13:32
481,04 Clarinet Sonata in E flat major(1824)-Adagio-allegro moderato.wma,.wma,\B.C.Mendelssohn Chamber CD03\,"10,779,322",21 May 2010 13:32
482,05 Clarinet Sonata in E flat major(1824)-Andante.wma,.wma,\B.C.Mendelssohn Chamber CD03\,"8,264,902",21 May 2010 13:32
483,06 Clarinet Sonata in E flat major(1824)-Allegro moderato.wma,.wma,\B.C.Mendelssohn Chamber CD03\,"5,893,700",21 May 2010 13:32
484,07 String Quartet in D major Op. 44 No. 1 - Molto allegro vivace.wma,.wma,\B.C.Mendelssohn Chamber CD03\,"14,143,744",21 May 2010 13:32
485,"08 String Quartet in D major Op. 44 No. 1 - Menuetto,un poco allegro.wma",.wma,\B.C.Mendelssohn Chamber CD03\,"8,059,112",21 May 2010 13:32
486,09 String Quartet in D major Op. 44 No. 1 - Andante espressivo ma con moto.wma,.wma,\B.C.Mendelssohn Chamber CD03\,"9,025,508",21 May 2010 13:32
487,10 String Quartet in D major Op. 44 No. 1 - Presto con brio.wma,.wma,\B.C.Mendelssohn Chamber CD03\,"11,423,542",21 May 2010 13:32
489,01 Sextet Op.110- Allegro.wma,.wma,\B.C.Mendelssohn Chamber CD10 Piano sextet and octet\,"18,635,156",21 May 2010 13:33
490,02 Piano Sextet in D major Op. 110 - Adagio.wma,.wma,\B.C.Mendelssohn Chamber CD10 Piano sextet and octet\,"7,155,334",21 May 2010 13:33
491,03 Sextet Op.110- Menuetto.wma,.wma,\B.C.Mendelssohn Chamber CD10 Piano sextet and octet\,"4,578,276",21 May 2010 13:33
492,04 Piano Sextet in D major Op. 110 - Allegro vivace.wma,.wma,\B.C.Mendelssohn Chamber CD10 Piano sextet and octet\,"15,825,904",21 May 2010 13:33
493,05 Octet Op.20- Allegro.wma,.wma,\B.C.Mendelssohn Chamber CD10 Piano sextet and octet\,"20,451,998",21 May 2010 13:33
494,06 Octet Op.20- Andante.wma,.wma,\B.C.Mendelssohn Chamber CD10 Piano sextet and octet\,"10,448,134",21 May 2010 13:33
495,07 Octet Op.20- Scherzo.wma,.wma,\B.C.Mendelssohn Chamber CD10 Piano sextet and octet\,"6,511,014",21 May 2010 13:33
496,"08 Octet, for Strings, in E flat major Op. 20 - Presto.wma",.wma,\B.C.Mendelssohn Chamber CD10 Piano sextet and octet\,"9,204,470",21 May 2010 13:33
498,01 Concerto No1 D minor- Allegro.wma,.wma,"\Bach  Keyboard Concertos Nos. 1, 4 & 5\","23,878,710",08 Jul 2007 09:39
499,02 II-  Adagio.wma,.wma,"\Bach  Keyboard Concertos Nos. 1, 4 & 5\","6,600,538",08 Jul 2007 09:39
500,03 III-  Allegro.wma,.wma,"\Bach  Keyboard Concertos Nos. 1, 4 & 5\","9,329,682",08 Jul 2007 09:39
501,04 Concerto No2 A major- Allegro.wma,.wma,"\Bach  Keyboard Concertos Nos. 1, 4 & 5\","12,032,010",08 Jul 2007 09:39
502,05 Larghetto.wma,.wma,"\Bach  Keyboard Concertos Nos. 1, 4 & 5\","10,591,342",08 Jul 2007 09:39
503,06 III-  Allegro ma non tanto.wma,.wma,"\Bach  Keyboard Concertos Nos. 1, 4 & 5\","6,036,844",08 Jul 2007 09:39
504,07 Concerto No5 F minor- Allegro.wma,.wma,"\Bach  Keyboard Concertos Nos. 1, 4 & 5\","3,361,398",08 Jul 2007 09:39
505,08 Largo.wma,.wma,"\Bach  Keyboard Concertos Nos. 1, 4 & 5\","16,380,690",08 Jul 2007 09:39
506,09 Presto.wma,.wma,"\Bach  Keyboard Concertos Nos. 1, 4 & 5\","5,455,184",08 Jul 2007 09:39
507,10 Fuga.wma,.wma,"\Bach  Keyboard Concertos Nos. 1, 4 & 5\","4,560,358",08 Jul 2007 09:39
510,01 Track 1.wma,.wma,\Bach  St. Luke Passion\,"7,298,478",21 May 2010 12:38
511,02 Track 2.wma,.wma,\Bach  St. Luke Passion\,"1,375,106",21 May 2010 12:38
512,03 Track 3.wma,.wma,\Bach  St. Luke Passion\,"1,294,574",21 May 2010 12:38
513,04 Track 4.wma,.wma,\Bach  St. Luke Passion\,"301,346",21 May 2010 12:38
514,05 Track 5.wma,.wma,\Bach  St. Luke Passion\,"1,330,366",21 May 2010 12:38
515,06 Track 6.wma,.wma,\Bach  St. Luke Passion\,"489,254",21 May 2010 12:38
516,07 Track 7.wma,.wma,\Bach  St. Luke Passion\,"1,339,314",21 May 2010 12:38
517,08 Track 8.wma,.wma,\Bach  St. Luke Passion\,"3,057,330",21 May 2010 12:38
518,09 Track 9.wma,.wma,\Bach  St. Luke Passion\,"936,654",21 May 2010 12:38
519,10 Track 10.wma,.wma,\Bach  St. Luke Passion\,"1,741,974",21 May 2010 12:38
520,11 Track 11.wma,.wma,\Bach  St. Luke Passion\,"1,044,030",21 May 2010 12:38
521,12 Track 12.wma,.wma,\Bach  St. Luke Passion\,"2,583,086",21 May 2010 12:38
522,13 Track 13.wma,.wma,\Bach  St. Luke Passion\,"9,204,606",21 May 2010 12:38
523,14 Track 14.wma,.wma,\Bach  St. Luke Passion\,"891,914",21 May 2010 12:38
524,15 Track 15.wma,.wma,\Bach  St. Luke Passion\,"6,672,322",21 May 2010 12:38
525,16 Track 16.wma,.wma,\Bach  St. Luke Passion\,"1,303,522",21 May 2010 12:38
526,17 Track 17.wma,.wma,\Bach  St. Luke Passion\,"1,097,718",21 May 2010 12:38
527,18 Track 18.wma,.wma,\Bach  St. Luke Passion\,"2,860,474",21 May 2010 12:38
528,19 Track 19.wma,.wma,\Bach  St. Luke Passion\,"963,498",21 May 2010 12:38
529,20 Track 20.wma,.wma,\Bach  St. Luke Passion\,"1,070,874",21 May 2010 12:38
530,21 Track 21.wma,.wma,\Bach  St. Luke Passion\,"677,162",21 May 2010 12:38
531,22 Track 22.wma,.wma,\Bach  St. Luke Passion\,"3,379,458",21 May 2010 12:38
532,23 Track 23.wma,.wma,\Bach  St. Luke Passion\,"775,590",21 May 2010 12:38
533,24 Track 24.wma,.wma,\Bach  St. Luke Passion\,"1,894,090",21 May 2010 12:38
534,25 Track 25.wma,.wma,\Bach  St. Luke Passion\,"346,086",21 May 2010 12:38
535,26 Track 26.wma,.wma,\Bach  St. Luke Passion\,"1,393,002",21 May 2010 12:38
536,27 Track 27.wma,.wma,\Bach  St. Luke Passion\,"525,046",21 May 2010 12:38
537,28 Track 28.wma,.wma,\Bach  St. Luke Passion\,"1,249,834",21 May 2010 12:38
538,29 Track 29.wma,.wma,\Bach  St. Luke Passion\,"1,231,938",21 May 2010 12:38
539,30 Track 30.wma,.wma,\Bach  St. Luke Passion\,"1,160,354",21 May 2010 12:38
540,31 Track 31.wma,.wma,\Bach  St. Luke Passion\,"355,034",21 May 2010 12:38
541,32 Track 32.wma,.wma,\Bach  St. Luke Passion\,"1,088,770",21 May 2010 12:38
542,33 Track 33.wma,.wma,\Bach  St. Luke Passion\,"1,589,858",21 May 2010 12:38
543,34 Track 34.wma,.wma,\Bach  St. Luke Passion\,"1,044,030",21 May 2010 12:38
544,35 Track 35.wma,.wma,\Bach  St. Luke Passion\,"1,357,210",21 May 2010 12:38
545,36 Track 36.wma,.wma,\Bach  St. Luke Passion\,"355,034",21 May 2010 12:38
546,37 Track 37.wma,.wma,\Bach  St. Luke Passion\,"838,226",21 May 2010 12:38
547,38 Track 38.wma,.wma,\Bach  St. Luke Passion\,"981,394",21 May 2010 12:38
548,39 Track 39.wma,.wma,\Bach  St. Luke Passion\,"1,017,186",21 May 2010 12:38
549,40 Track 40.wma,.wma,\Bach  St. Luke Passion\,"1,777,766",21 May 2010 12:38
550,41 Track 41.wma,.wma,\Bach  St. Luke Passion\,"444,514",21 May 2010 12:38
551,42 Track 42.wma,.wma,\Bach  St. Luke Passion\,"3,531,574",21 May 2010 12:38
552,43 Track 43.wma,.wma,\Bach  St. Luke Passion\,"1,589,858",21 May 2010 12:38
553,44 Track 44.wma,.wma,\Bach  St. Luke Passion\,"1,312,470",21 May 2010 12:38
554,45 Track 45.wma,.wma,\Bach  St. Luke Passion\,"6,770,750",21 May 2010 12:38
555,46 Track 46.wma,.wma,\Bach  St. Luke Passion\,"1,867,246",21 May 2010 12:38
557,01 a1.wma,.wma,\Bach  St. Mark Passion\,"7,727,716",21 May 2010 12:38
558,02 a2.wma,.wma,\Bach  St. Mark Passion\,"3,934,008",21 May 2010 12:38
559,03 a3.wma,.wma,\Bach  St. Mark Passion\,"1,133,284",21 May 2010 12:38
560,04 a4.wma,.wma,\Bach  St. Mark Passion\,"2,913,936",21 May 2010 12:38
561,05 a5.wma,.wma,\Bach  St. Mark Passion\,"1,079,596",21 May 2010 12:38
562,06 a6.wma,.wma,\Bach  St. Mark Passion\,"4,059,280",21 May 2010 12:38
563,07 a7.wma,.wma,\Bach  St. Mark Passion\,"1,016,960",21 May 2010 12:38
564,08 a8.wma,.wma,\Bach  St. Mark Passion\,"5,267,260",21 May 2010 12:38
565,09 a9.wma,.wma,\Bach  St. Mark Passion\,"11,047,668",21 May 2010 12:38
566,10 b1.wma,.wma,\Bach  St. Mark Passion\,"1,473,308",21 May 2010 12:38
567,11 b2.wma,.wma,\Bach  St. Mark Passion\,"1,312,244",21 May 2010 12:38
568,12 b3.wma,.wma,\Bach  St. Mark Passion\,"3,343,440",21 May 2010 12:38
569,13 b4.wma,.wma,\Bach  St. Mark Passion\,"1,204,868",21 May 2010 12:38
570,14 b5.wma,.wma,\Bach  St. Mark Passion\,"1,330,140",21 May 2010 12:38
571,15 b6.wma,.wma,\Bach  St. Mark Passion\,"1,142,232",21 May 2010 12:38
572,16 b7.wma,.wma,\Bach  St. Mark Passion\,"2,770,768",21 May 2010 12:38
573,17 b8.wma,.wma,\Bach  St. Mark Passion\,"4,793,016",21 May 2010 12:38
574,18 b9.wma,.wma,\Bach  St. Mark Passion\,"1,526,996",21 May 2010 12:38
575,19 c1.wma,.wma,\Bach  St. Mark Passion\,"10,761,332",21 May 2010 12:38
576,20 c2.wma,.wma,\Bach  St. Mark Passion\,"1,500,152",21 May 2010 12:38
577,21 c3.wma,.wma,\Bach  St. Mark Passion\,"1,321,192",21 May 2010 12:38
578,22 c4.wma,.wma,\Bach  St. Mark Passion\,"882,740",21 May 2010 12:38
579,23 c5.wma,.wma,\Bach  St. Mark Passion\,"6,546,824",21 May 2010 12:38
582,01 Sonata no. 1 in G minor Adagio.wma,.wma,\Bach Sonatas & Partitas for violin\,"6,877,578",29 Jun 2007 22:01
583,02 Sonata no. 1 in G minor BWV 1001 - Fuga- Allegro.wma,.wma,\Bach Sonatas & Partitas for violin\,"8,399,156",29 Jun 2007 22:01
584,03 Sonata no. 1 in G minor BWV 1001 - Siciliana.wma,.wma,\Bach Sonatas & Partitas for violin\,"5,553,684",29 Jun 2007 22:01
585,04 Sonata no. 1 in G minor BWV 1001 - Presto.wma,.wma,\Bach Sonatas & Partitas for violin\,"4,470,970",29 Jun 2007 22:01
586,05 Partita no. 1 in B Minor-Allemanda.wma,.wma,\Bach Sonatas & Partitas for violin\,"7,432,744",29 Jun 2007 22:01
587,06 Partita no. 1 in B minor BWV 1002 - Double.wma,.wma,\Bach Sonatas & Partitas for violin\,"3,048,240",29 Jun 2007 22:01
588,07 Partita no. 1 in B minor BWV 1002 - Corrente.wma,.wma,\Bach Sonatas & Partitas for violin\,"3,316,684",29 Jun 2007 22:01
589,08 Partita no. 1 in B minor-  Double-  Presto.wma,.wma,\Bach Sonatas & Partitas for violin\,"4,784,118",29 Jun 2007 22:01
590,09 Partita no. 1 in B minor BWV 1002 - Sarabande.wma,.wma,\Bach Sonatas & Partitas for violin\,"3,987,786",29 Jun 2007 22:01
591,10 Partita no. 1 in B minor BWV 1002 - Double.wma,.wma,\Bach Sonatas & Partitas for violin\,"2,162,388",29 Jun 2007 22:01
592,11 Partita no. 1 in B minor BWV 1002 - Tempo di Borea.wma,.wma,\Bach Sonatas & Partitas for violin\,"3,674,616",29 Jun 2007 22:01
593,12 Partita no. 1 in B minor BWV 1002 - Double.wma,.wma,\Bach Sonatas & Partitas for violin\,"3,433,004",29 Jun 2007 22:01
594,13 Sonata no. 2 in A minor-  Grave.wma,.wma,\Bach Sonatas & Partitas for violin\,"6,439,510",29 Jun 2007 22:01
595,14 Sonata no. 2 in A minor-  Fuga.wma,.wma,\Bach Sonatas & Partitas for violin\,"11,790,412",29 Jun 2007 22:01
596,15 Sonata no. 2 in A minor-  Andante.wma,.wma,\Bach Sonatas & Partitas for violin\,"8,273,854",29 Jun 2007 22:01
597,16 Sonata no. 2 in A minor-  Allegro.wma,.wma,\Bach Sonatas & Partitas for violin\,"6,054,750",29 Jun 2007 22:01
599,01 Child Grove.wma,.wma,\Baroque & Early Music\,"2,752,548",29 Jun 2007 18:41
600,02 Offertory ' Felix namque'.wma,.wma,\Baroque & Early Music\,"2,627,590",29 Jun 2007 18:41
601,03 Rondellus 'Flos regalia'.wma,.wma,\Baroque & Early Music\,"4,622,992",29 Jun 2007 18:41
602,04 Three Parts upon a Ground.wma,.wma,\Baroque & Early Music\,"7,504,242",29 Jun 2007 18:41
603,05 Oh! that I on wings could rise.wma,.wma,\Baroque & Early Music\,"6,001,000",29 Jun 2007 18:41
604,"06 Sonata in A for oboe, cello, organ & guitar.wma",.wma,\Baroque & Early Music\,"4,488,824",29 Jun 2007 18:41
605,07 Lift up your heads.wma,.wma,\Baroque & Early Music\,"10,018,616",29 Jun 2007 18:41
606,08 Rejouissance.wma,.wma,\Baroque & Early Music\,"4,515,588",29 Jun 2007 18:41
607,09 Qual nave smarrita.wma,.wma,\Baroque & Early Music\,"8,103,756",29 Jun 2007 18:41
608,10 La bergamasca.wma,.wma,\Baroque & Early Music\,"5,714,626",29 Jun 2007 18:41
609,"11 Thy hand, Belinda ( Dido & Aeneas).wma",.wma,\Baroque & Early Music\,"5,947,308",29 Jun 2007 18:41
610,12 Pavan.wma,.wma,\Baroque & Early Music\,"7,110,538",29 Jun 2007 18:41
611,13 Celia has a thousand Charmes.wma,.wma,\Baroque & Early Music\,"3,173,416",29 Jun 2007 18:41
612,14 Musqetir Mars.wma,.wma,\Baroque & Early Music\,"6,126,236",29 Jun 2007 18:41
613,15 St Matthew Passion (opening).wma,.wma,\Baroque & Early Music\,"7,164,220",29 Jun 2007 18:41
614,16 Marche pour la ceremonie des Turcs ( Le bourgeois gentilhomme).wma,.wma,\Baroque & Early Music\,"7,862,228",29 Jun 2007 18:41
616,01 Stille Nacht.wma,.wma,\BBC Music Volume III Number 4  Music for the Festive Season\,"3,969,544",24 Aug 2009 13:20
617,02 O Tannenbaum.wma,.wma,\BBC Music Volume III Number 4  Music for the Festive Season\,"2,448,774",24 Aug 2009 13:20
618,03 Der Nussbaum.wma,.wma,\BBC Music Volume III Number 4  Music for the Festive Season\,"3,835,708",24 Aug 2009 13:20
619,05 Das Veilchen.wma,.wma,\BBC Music Volume III Number 4  Music for the Festive Season\,"3,039,332",24 Aug 2009 13:20
620,"06 Innsbuck, Ich Muss Dich Lassen.wma",.wma,\BBC Music Volume III Number 4  Music for the Festive Season\,"4,363,670",24 Aug 2009 13:20
621,07 An die Musik.wma,.wma,\BBC Music Volume III Number 4  Music for the Festive Season\,"3,441,996",24 Aug 2009 13:20
622,08 Zigeunerleben.wma,.wma,\BBC Music Volume III Number 4  Music for the Festive Season\,"4,408,382",24 Aug 2009 13:20
623,09 Wolcum Yole from A ceremony of Carols.wma,.wma,\BBC Music Volume III Number 4  Music for the Festive Season\,"2,010,364",24 Aug 2009 13:20
624,10 There Is No rose.wma,.wma,\BBC Music Volume III Number 4  Music for the Festive Season\,"3,782,026",24 Aug 2009 13:20
625,11 This Little Babe.wma,.wma,\BBC Music Volume III Number 4  Music for the Festive Season\,"2,108,750",24 Aug 2009 13:20
626,12 Balulalow.wma,.wma,\BBC Music Volume III Number 4  Music for the Festive Season\,"2,063,996",24 Aug 2009 13:20
627,13 Deo Gracis.wma,.wma,\BBC Music Volume III Number 4  Music for the Festive Season\,"2,019,258",24 Aug 2009 13:20
628,"14 An der schonen, blauen Donau.wma",.wma,\BBC Music Volume III Number 4  Music for the Festive Season\,"7,871,292",24 Aug 2009 13:20
629,15 Vergnugungszug.wma,.wma,\BBC Music Volume III Number 4  Music for the Festive Season\,"4,157,844",24 Aug 2009 13:20
630,16 Gold und Silber.wma,.wma,\BBC Music Volume III Number 4  Music for the Festive Season\,"8,855,536",24 Aug 2009 13:20
631,17 Eljen a Magyar.wma,.wma,\BBC Music Volume III Number 4  Music for the Festive Season\,"3,665,704",24 Aug 2009 13:20
632,18 Wo die Zitronen bluh'n.wma,.wma,\BBC Music Volume III Number 4  Music for the Festive Season\,"6,215,902",24 Aug 2009 13:20
633,19 Leichtes Blut.wma,.wma,\BBC Music Volume III Number 4  Music for the Festive Season\,"3,755,184",24 Aug 2009 13:20
634,20 Geschichten aus dem Wienerwald.wma,.wma,\BBC Music Volume III Number 4  Music for the Festive Season\,"6,412,774",24 Aug 2009 13:20
635,21 Tritsch-Tratsch Polka.wma,.wma,\BBC Music Volume III Number 4  Music for the Festive Season\,"4,166,806",24 Aug 2009 13:20
636,22 Radetzky Marsch.wma,.wma,\BBC Music Volume III Number 4  Music for the Festive Season\,"3,629,912",24 Aug 2009 13:20
638,01 Abdelazar Suite.wma,.wma,\BBC Radio Classics\,"15,306,476",27 Jun 2007 22:03
639,02 Egmont Overture.wma,.wma,\BBC Radio Classics\,"12,425,526",27 Jun 2007 22:03
640,03 A Midsummer Night's Dream- Wedding March.wma,.wma,\BBC Radio Classics\,"15,897,386",27 Jun 2007 22:03
641,04 Slavonic Dance.wma,.wma,\BBC Radio Classics\,"7,933,594",27 Jun 2007 22:03
642,05 II Emperor Waltz.wma,.wma,\BBC Radio Classics\,"14,939,914",27 Jun 2007 22:03
643,06 Prince Igor- Polovtsian Dances.wma,.wma,\BBC Radio Classics\,"17,194,828",27 Jun 2007 22:03
645,01 Overture 'The Wreckers'.wma,.wma,\BBCMusic - PROMS 1994\,"13,713,780",25 Jun 2007 19:10
646,02 Pavane pour une infante defunte.wma,.wma,\BBCMusic - PROMS 1994\,"9,714,330",25 Jun 2007 19:10
647,03 Symphony No. 1 3rd Movt Allegro.wma,.wma,\BBCMusic - PROMS 1994\,"8,273,710",25 Jun 2007 19:10
648,04 The Nutcracker-Pas de Deux.wma,.wma,\BBCMusic - PROMS 1994\,"7,692,084",25 Jun 2007 19:10
649,"05 Enigma Variations-VII Troyte, VIII WN, IX Nimrod.wma",.wma,\BBCMusic - PROMS 1994\,"8,792,746",25 Jun 2007 19:10
650,06 Symphony No. 3-2nd movt Allegro molto.wma,.wma,\BBCMusic - PROMS 1994\,"11,879,774",25 Jun 2007 19:10
651,07 Symphony No. 7-3rd Movt- Presto.wma,.wma,\BBCMusic - PROMS 1994\,"11,915,546",25 Jun 2007 19:10
652,08 Siefried's Funeral Music.wma,.wma,\BBCMusic - PROMS 1994\,"10,000,672",25 Jun 2007 19:10
653,09 Serenade to music.wma,.wma,\BBCMusic - PROMS 1994\,"19,234,996",25 Jun 2007 19:10
654,10 Concerto for 2 pianos-3rd Movt.wma,.wma,\BBCMusic - PROMS 1994\,"4,828,740",25 Jun 2007 19:10
659,01 Symphony No. 5 in C minor ('Fate') Op. 67- Allegro con brio.wma,.wma,\Beethoven  Symphonies Nos. 1 & 5\,"6,758,954",30 Dec 2006 15:30
660,02 Symphony No. 5 in C minor ('Fate') Op. 67- Andante con moto.wma,.wma,\Beethoven  Symphonies Nos. 1 & 5\,"5,695,226",30 Dec 2006 15:30
661,03 Symphony No. 5 in C minor ('Fate') Op. 67- Allegro.wma,.wma,\Beethoven  Symphonies Nos. 1 & 5\,"5,503,976",30 Dec 2006 15:30
662,04 Symphony No. 5 in C minor ('Fate') Op. 67- Allegro.wma,.wma,\Beethoven  Symphonies Nos. 1 & 5\,"5,169,320",30 Dec 2006 15:30
663,"05 Symphony No. 1 in C major, Op. 21- Adagio molto - Allegro con brio.wma",.wma,\Beethoven  Symphonies Nos. 1 & 5\,"7,087,648",30 Dec 2006 15:30
664,"06 Symphony No. 1 in C major, Op. 21- Andante cantabile con moto.wma",.wma,\Beethoven  Symphonies Nos. 1 & 5\,"7,177,278",30 Dec 2006 15:30
665,"07 Symphony No. 1 in C major, Op. 21- Menuetto, Allegro molto e vivace.wma",.wma,\Beethoven  Symphonies Nos. 1 & 5\,"4,751,034",30 Dec 2006 15:30
666,"08 Symphony No. 1 in C major, Op. 21- Finale, Adagio - Allegro molto e vivace.wma",.wma,\Beethoven  Symphonies Nos. 1 & 5\,"4,984,112",30 Dec 2006 15:30
667,09 Track 9.wma,.wma,\Beethoven  Symphonies Nos. 1 & 5\,"4,296,446",07 Jul 2007 12:06
668,10 Track 10.wma,.wma,\Beethoven  Symphonies Nos. 1 & 5\,"6,447,806",07 Jul 2007 12:06
669,11 Track 11.wma,.wma,\Beethoven  Symphonies Nos. 1 & 5\,"2,904,038",07 Jul 2007 12:06
670,12 Track 12.wma,.wma,\Beethoven  Symphonies Nos. 1 & 5\,"5,933,870",07 Jul 2007 12:06
671,13 Track 13.wma,.wma,\Beethoven  Symphonies Nos. 1 & 5\,"5,324,318",07 Jul 2007 12:06
674,"01 Symphony No. 7, Poco Sostenuto - Vivace.wma",.wma,\Beethoven Symphonies No. 7 & 8\,"19,923,668",03 Mar 2014 15:13
675,"02 Symphony No. 7, Allegretto.wma",.wma,\Beethoven Symphonies No. 7 & 8\,"13,893,068",03 Mar 2014 15:13
676,"03 Symphony No. 7, Presto.wma",.wma,\Beethoven Symphonies No. 7 & 8\,"12,058,720",03 Mar 2014 15:13
677,"04 Symphony No. 7, Allegro con brio.wma",.wma,\Beethoven Symphonies No. 7 & 8\,"11,772,404",03 Mar 2014 15:13
678,"05 Symphony No. 8, Allegro vivace con brio.wma",.wma,\Beethoven Symphonies No. 7 & 8\,"12,658,270",03 Mar 2014 15:13
679,"06 Symphony No. 8, Allegretto scherzando.wma",.wma,\Beethoven Symphonies No. 7 & 8\,"6,868,910",03 Mar 2014 15:13
680,"07 Symphony No. 8, Tempo di minuetto.wma",.wma,\Beethoven Symphonies No. 7 & 8\,"8,524,282",03 Mar 2014 15:13
681,"08 Symphony No. 8, Allegretto vivace.wma",.wma,\Beethoven Symphonies No. 7 & 8\,"11,790,302",03 Mar 2014 15:13
683,01 Sinfonia.wma,.wma,\Bellini  I Capuleti e i Montecchi Disc 1\,"6,439,100",03 Mar 2014 13:55
684,02 I Capuleti e i Montecchi 1-2.wma,.wma,\Bellini  I Capuleti e i Montecchi Disc 1\,"5,267,492",21 May 2010 12:45
685,"03 Odi Capello, generosi amici (Tebaldo, Capellio, Lorenzo).wma",.wma,\Bellini  I Capuleti e i Montecchi Disc 1\,"3,603,220",21 May 2010 12:45
686,"04 Rivenirlo io sapro (Tebaldo, Cappellio).wma",.wma,\Bellini  I Capuleti e i Montecchi Disc 1\,"12,685,406",21 May 2010 12:45
687,"06 Lieto del doce incarno (Romeo, Tebaldo, Cappellio).wma",.wma,\Bellini  I Capuleti e i Montecchi Disc 1\,"9,464,148",21 May 2010 12:45
688,"07 La tremenda ultrice spada (Romeo, Tebaldo, Cappellio).wma",.wma,\Bellini  I Capuleti e i Montecchi Disc 1\,"8,229,330",21 May 2010 12:45
689,08 I Capuleti e i Montecchi 1-8.wma,.wma,\Bellini  I Capuleti e i Montecchi Disc 1\,"6,457,576",21 May 2010 12:45
690,"09 Oh! quante volte (Giulietta, Lorenzo).wma",.wma,\Bellini  I Capuleti e i Montecchi Disc 1\,"2,243,086",21 May 2010 12:45
691,"10 Si fuggire (Romeo, Giulietta).wma",.wma,\Bellini  I Capuleti e i Montecchi Disc 1\,"7,200,262",21 May 2010 12:45
692,"11 Odi tu- (Romeo, Giulietta).wma",.wma,\Bellini  I Capuleti e i Montecchi Disc 1\,"8,488,768",21 May 2010 12:45
693,12 I Capuleti e i Montecchi 1-12.wma,.wma,\Bellini  I Capuleti e i Montecchi Disc 1\,"6,081,762",21 May 2010 12:45
694,13 I Capuleti e i Montecchi 1-13.wma,.wma,\Bellini  I Capuleti e i Montecchi Disc 1\,"5,348,026",21 May 2010 12:45
695,"14 Tace il fragor (Giulietta, Romeo).wma",.wma,\Bellini  I Capuleti e i Montecchi Disc 1\,"4,873,790",21 May 2010 12:45
697,"01 Accorriam... Romeo, Romeo (Montecchi, Tebaldo, Cappellio).wma",.wma,\Bellini  I Capuleti e i Montecchi Disc 2\,"4,855,306",21 May 2010 12:45
698,"02 Oh Dio! (Giulietta, Lorenzo, Romeo, Tebaldo, Cappellio).wma",.wma,\Bellini  I Capuleti e i Montecchi Disc 2\,"2,359,426",21 May 2010 12:45
699,"03 Ne alcun ritorna! (Giulietta, Lorenzo).wma",.wma,\Bellini  I Capuleti e i Montecchi Disc 2\,"14,340,530",21 May 2010 12:45
700,"04 Oh Dio! (Giulietta, Lorenzo).wma",.wma,\Bellini  I Capuleti e i Montecchi Disc 2\,"4,041,362",21 May 2010 12:45
701,"05 Prendi gl'istanti volano (Lorenzo, Giulietta, Cappellio).wma",.wma,\Bellini  I Capuleti e i Montecchi Disc 2\,"7,101,634",21 May 2010 12:45
702,"06 Deh! Padre mio (Giulietta, Cappellio, Lorenzo).wma",.wma,\Bellini  I Capuleti e i Montecchi Disc 2\,"9,410,198",21 May 2010 12:45
703,"08 Chi sai tu- (Tebaldo, Romeo).wma",.wma,\Bellini  I Capuleti e i Montecchi Disc 2\,"5,902,546",21 May 2010 12:45
704,"09 Svana ah! Svana un disperato (Romeo, Tebaldo).wma",.wma,\Bellini  I Capuleti e i Montecchi Disc 2\,"7,799,556",21 May 2010 12:45
705,10 Siami giunti (Montecchi).wma,.wma,\Bellini  I Capuleti e i Montecchi Disc 2\,"13,347,274",21 May 2010 12:45
706,"12 Tu sola, o mia Giulietta  (Romeo, Giulietta).wma",.wma,\Bellini  I Capuleti e i Montecchi Disc 2\,"6,018,902",21 May 2010 12:45
707,"13 O tu, mia sola speme (Romeo,  Giulietta).wma",.wma,\Bellini  I Capuleti e i Montecchi Disc 2\,"7,924,818",21 May 2010 12:45
708,"14 Ah! Crudel! Que mai facesti- (Giulietta, Romeo).wma",.wma,\Bellini  I Capuleti e i Montecchi Disc 2\,"1,688,076",21 May 2010 12:45
710,01 Track 1.wma,.wma,\Best of Gershwin\,"4,983,588",30 Dec 2006 15:31
711,02 Track 2.wma,.wma,\Best of Gershwin\,"5,945,838",30 Dec 2006 15:31
712,03 Track 3.wma,.wma,\Best of Gershwin\,"3,925,950",30 Dec 2006 15:31
713,04 Track 4.wma,.wma,\Best of Gershwin\,"4,320,366",30 Dec 2006 15:31
714,05 Track 5.wma,.wma,\Best of Gershwin\,"2,491,710",30 Dec 2006 15:31
715,06 Track 6.wma,.wma,\Best of Gershwin\,"5,306,406",30 Dec 2006 15:31
716,07 Track 7.wma,.wma,\Best of Gershwin\,"5,115,174",30 Dec 2006 15:31
717,08 Track 8.wma,.wma,\Best of Gershwin\,"6,358,182",30 Dec 2006 15:31
718,09 Track 9.wma,.wma,\Best of Gershwin\,"3,226,758",30 Dec 2006 15:31
719,10 Track 10.wma,.wma,\Best of Gershwin\,"2,264,622",30 Dec 2006 15:31
720,11 Track 11.wma,.wma,\Best of Gershwin\,"1,338,342",30 Dec 2006 15:31
721,12 Track 12.wma,.wma,\Best of Gershwin\,"2,497,686",30 Dec 2006 15:31
722,13 Track 13.wma,.wma,\Best of Gershwin\,"4,129,134",30 Dec 2006 15:31
723,14 Track 14.wma,.wma,\Best of Gershwin\,"2,091,318",30 Dec 2006 15:31
724,15 Track 15.wma,.wma,\Best of Gershwin\,"2,461,830",30 Dec 2006 15:31
725,16 Track 16.wma,.wma,\Best of Gershwin\,"1,929,966",30 Dec 2006 15:31
744,01 Concerto- 1 Maestoso.wma,.wma,\Brahms - Piano Concerto No. 1\,"31,636,566",21 May 2010 13:42
745,02 II- Adagio.wma,.wma,\Brahms - Piano Concerto No. 1\,"21,033,622",21 May 2010 13:42
746,03 III- Rondo. Allegro non troppo.wma,.wma,\Brahms - Piano Concerto No. 1\,"16,989,166",21 May 2010 13:42
747,"04 Two Songs for Alto with Viola and Piano Op. 91, 1- Gestillte Sehnsucht.wma",.wma,\Brahms - Piano Concerto No. 1\,"8,667,560",21 May 2010 13:42
748,"05 Two Songs for Alto with Viola and Piano Op. 91, 2- Geistliches Wiegenlied.wma",.wma,\Brahms - Piano Concerto No. 1\,"7,665,390",21 May 2010 13:42
752,"01 String Sextet No.1 in B Flat Major, Op. 18 - Allegro ma non troppo.wma",.wma,\Brahms  String Sextets Nos. 1 and 2\,"16,138,664",27 Jun 2007 22:00
753,02 String Sextet No 1 in B flat Major Op 18 - 2 - andante ma moderato.wma,.wma,\Brahms  String Sextets Nos. 1 and 2\,"13,929,004",27 Jun 2007 22:00
754,03 Scherzo- Allegro molto.wma,.wma,\Brahms  String Sextets Nos. 1 and 2\,"4,202,440",27 Jun 2007 22:00
755,04 Rondo- Poco allegretto e grazioso.wma,.wma,\Brahms  String Sextets Nos. 1 and 2\,"14,179,482",27 Jun 2007 22:00
756,05 String Sextet No. 2 in G flat Major Op. 36 - Allegro non troppo.wma,.wma,\Brahms  String Sextets Nos. 1 and 2\,"14,868,538",27 Jun 2007 22:00
757,06 Scherzo- Allegro non troppo.wma,.wma,\Brahms  String Sextets Nos. 1 and 2\,"10,081,286",27 Jun 2007 22:00
758,07 Poco adagio.wma,.wma,\Brahms  String Sextets Nos. 1 and 2\,"14,734,214",27 Jun 2007 22:00
759,08 Poco allegro.wma,.wma,\Brahms  String Sextets Nos. 1 and 2\,"9,204,352",27 Jun 2007 22:00
761,01 String Quintet No.1.Op. 88- Allegro non troppo ma con brio.wma,.wma,\Brahms String Quintets\,"15,655,460",03 Mar 2014 14:47
762,02 String Quintet No.1.Op. 88-  Grave e appassionato.wma,.wma,\Brahms String Quintets\,"18,089,824",03 Mar 2014 14:47
763,03 String Quintet No.1.Op. 88-  Allegro energico.wma,.wma,\Brahms String Quintets\,"7,441,654",03 Mar 2014 14:47
764,04 String Quintet No.2. Op. 111.-   Allegro non troppo.wma,.wma,\Brahms String Quintets\,"19,315,662",03 Mar 2014 14:47
765,05 String Quintet No.2. Op. 111.-  Adagio.wma,.wma,\Brahms String Quintets\,"9,490,732",03 Mar 2014 14:47
766,06 String Quintet No.2. Op. 111.-Un poco allegretto.wma,.wma,\Brahms String Quintets\,"7,531,140",03 Mar 2014 14:47
767,07 String Quintet No.2. Op. 111.-Vivace ma non troppo presto.wma,.wma,\Brahms String Quintets\,"7,405,886",03 Mar 2014 14:47
866,01 A Winter Idyll.wma,.wma,\British Music on Lyrita from QUAD\,"10,367,284",25 Jun 2007 18:34
867,02 An English Suite.wma,.wma,\British Music on Lyrita from QUAD\,"4,757,204",25 Jun 2007 18:34
868,03 Music for Children.wma,.wma,\British Music on Lyrita from QUAD\,"3,119,728",25 Jun 2007 18:34
869,04 Piano Concerto No.2 in C minor Op.126.wma,.wma,\British Music on Lyrita from QUAD\,"14,993,784",25 Jun 2007 18:34
870,05 Rout for Orchestra and Soprano.wma,.wma,\British Music on Lyrita from QUAD\,"10,636,068",25 Jun 2007 18:34
871,06 Piano Concerto No. 5 in F minor (A Stroll through the Meadows).wma,.wma,\British Music on Lyrita from QUAD\,"13,714,288",25 Jun 2007 18:34
872,07 Symphony No. 4 Op. 53.wma,.wma,\British Music on Lyrita from QUAD\,"7,522,166",25 Jun 2007 18:34
873,"08 Serenade for Strings, Op. 12.wma",.wma,\British Music on Lyrita from QUAD\,"2,994,478",25 Jun 2007 18:34
874,09 Mediterranean.wma,.wma,\British Music on Lyrita from QUAD\,"4,757,194",25 Jun 2007 18:34
875,10 Scottish Dances Op. 59.wma,.wma,\British Music on Lyrita from QUAD\,"6,153,108",25 Jun 2007 18:34
876,11 Suite The Three Men.wma,.wma,\British Music on Lyrita from QUAD\,"7,987,436",25 Jun 2007 18:34
877,12 Russian Scenes.wma,.wma,\British Music on Lyrita from QUAD\,"4,444,030",25 Jun 2007 18:34
878,13 En Voyage (City Lights).wma,.wma,\British Music on Lyrita from QUAD\,"6,779,476",25 Jun 2007 18:34
879,14 London Fields.wma,.wma,\British Music on Lyrita from QUAD\,"4,945,106",25 Jun 2007 18:34
880,15 Dynamic Triptych for Piano and Orchestra Op. 88.wma,.wma,\British Music on Lyrita from QUAD\,"9,714,456",25 Jun 2007 18:34
882,01 Riccardo primo.wma,.wma,\Broadway Classics\,"4,541,350",07 Jul 2007 11:53
883,"02 Symp #2, Scherzo.wma",.wma,\Broadway Classics\,"6,298,512",07 Jul 2007 11:53
884,03 Mary at the feet of Christ.wma,.wma,\Broadway Classics\,"4,553,528",07 Jul 2007 11:53
885,04 Symp #3 3rd movement.wma,.wma,\Broadway Classics\,"4,003,752",07 Jul 2007 11:53
886,05 Adieux de l'hotesse arabe.wma,.wma,\Broadway Classics\,"4,876,234",07 Jul 2007 11:53
887,"06 Gregoriana Concto, 1st mov.wma",.wma,\Broadway Classics\,"5,181,052",07 Jul 2007 11:53
888,07 Dracula- Charing X station.wma,.wma,\Broadway Classics\,"2,898,208",07 Jul 2007 11:53
889,08 La Mort De Sardanapole.wma,.wma,\Broadway Classics\,"5,175,030",07 Jul 2007 11:53
890,09 West Side Story.wma,.wma,\Broadway Classics\,"3,657,172",07 Jul 2007 11:53
891,10 Fireworks Flourish.wma,.wma,\Broadway Classics\,"3,938,046",07 Jul 2007 11:53
892,11 Tristan Und Isolde- Liebestod.wma,.wma,\Broadway Classics\,"8,300,486",07 Jul 2007 11:53
893,12 Send in the Clowns ( a little night music).wma,.wma,\Broadway Classics\,"4,326,472",07 Jul 2007 11:53
894,13 A Fellow Needs a Girl.wma,.wma,\Broadway Classics\,"2,503,750",07 Jul 2007 11:53
895,"14 Piano qtet #1 in G minor, Allegro.wma",.wma,\Broadway Classics\,"5,593,434",07 Jul 2007 11:53
896,"15 Pastoral, 3rd movmt.wma",.wma,\Broadway Classics\,"6,376,220",07 Jul 2007 11:53
934,01 Overture.wma,.wma,\Carmen\,"5,302,656",25 Jun 2007 19:00
935,02 L'amour est un oiseau rebelle.wma,.wma,\Carmen\,"7,513,046",25 Jun 2007 19:00
936,03 Pres des ramparts de Seville.wma,.wma,\Carmen\,"7,396,720",25 Jun 2007 19:00
937,04 Les Triangles des sistres Tintaient.wma,.wma,\Carmen\,"7,137,242",25 Jun 2007 19:00
938,05 Votre toast.wma,.wma,\Carmen\,"7,280,362",25 Jun 2007 19:00
939,06 Car nous l'avons humblement.wma,.wma,\Carmen\,"7,933,598",25 Jun 2007 19:00
940,07 La fleur que tu m'avais jetee.wma,.wma,\Carmen\,"6,439,286",25 Jun 2007 19:00
941,08 Melons! Coupons.wma,.wma,\Carmen\,"11,208,542",25 Jun 2007 19:00
942,"09 Je dis, que rien ne m'epouvante.wma",.wma,\Carmen\,"9,427,922",25 Jun 2007 19:00
943,10 L'on m'avait avertie que tu n'etais pas loin.wma,.wma,\Carmen\,"13,579,820",25 Jun 2007 19:00
945,21 Episode 21_ Mike's Japanese Adven.mp3,.mp3,\Castle to Castle  A Tale of Two Disnerds\,"35,965,571",17 Jul 2011 16:07
946,22 Episode 22_ An Aural Day in Tokyo.mp3,.mp3,\Castle to Castle  A Tale of Two Disnerds\,"57,853,963",26 Jul 2011 22:08
947,23 Episode 23_ The Return of the Dis.mp3,.mp3,\Castle to Castle  A Tale of Two Disnerds\,"27,743,275",22 Nov 2011 16:03
948,24 Episode 24_ Pixar and Princesses.mp3,.mp3,\Castle to Castle  A Tale of Two Disnerds\,"28,224,860",04 Dec 2011 09:39
949,25 Episode 25_ Oswald the Not-so-Luc.mp3,.mp3,\Castle to Castle  A Tale of Two Disnerds\,"21,748,384",29 Dec 2011 11:08
950,27 Episode 27_ Mike and the Muppets.mp3,.mp3,\Castle to Castle  A Tale of Two Disnerds\,"58,140,248",27 May 2012 10:26
951,"28 Episode 28_ Animators, Muppets an.mp3",.mp3,\Castle to Castle  A Tale of Two Disnerds\,"37,577,928",31 May 2012 19:24
952,38 Episode 38_ Fraggles Are Gonna Wr.mp3,.mp3,\Castle to Castle  A Tale of Two Disnerds\,"62,375,155",10 May 2013 08:27
953,39 Episode 39_ Don't Need Privilege.mp3,.mp3,\Castle to Castle  A Tale of Two Disnerds\,"51,938,710",04 Aug 2013 10:15
954,The Outtakes_ Part 2 (Explicit!).mp3,.mp3,\Castle to Castle  A Tale of Two Disnerds\,"7,795,750",09 Apr 2013 08:08
956,01 Symphonic Sketches - 'Jubilee'.wma,.wma,\CD 63 - American Music Special\,"7,499,494",07 Jul 2007 11:46
957,02 Three Places in New England - 'The Housatonic at Stockbridge' (ending).wma,.wma,\CD 63 - American Music Special\,"2,378,440",07 Jul 2007 11:46
958,03 Appalachian Spring - Variations of a Shaker Tune.wma,.wma,\CD 63 - American Music Special\,"3,167,256",07 Jul 2007 11:46
959,04 Harmonium - 'Negative Love' (extract).wma,.wma,\CD 63 - American Music Special\,"3,227,012",07 Jul 2007 11:46
960,05 Susie Asado.wma,.wma,\CD 63 - American Music Special\,"1,720,946",07 Jul 2007 11:46
961,"06 La traviata - Act 3, 'Parigi, o cara'.wma",.wma,\CD 63 - American Music Special\,"4,278,830",07 Jul 2007 11:46
962,"07 Piano Sonata No. 59 in E flat major, Hob 49 - 2nd movement, Adagio e cantabile (opening).wma",.wma,\CD 63 - American Music Special\,"3,549,724",07 Jul 2007 11:46
963,"08 The Marriage of Figaro - Act 1, Duettino - 'Se vuol ballare'.wma",.wma,\CD 63 - American Music Special\,"7,589,534",07 Jul 2007 11:46
964,"09 Concerto for Orchestra - finale, Pesante (opening).wma",.wma,\CD 63 - American Music Special\,"3,250,906",07 Jul 2007 11:46
965,"11 Cello Sonata No. 2 in G minor - 4th movement, Allegro vivo.wma",.wma,\CD 63 - American Music Special\,"4,410,230",07 Jul 2007 11:46
966,"12 Symphony No. 6 - finale, Allegro moderato (opening).wma",.wma,\CD 63 - American Music Special\,"5,103,472",07 Jul 2007 11:46
967,13 Lamentations - 'lod. Manum suam misit hostis...'.wma,.wma,\CD 63 - American Music Special\,"4,404,258",07 Jul 2007 11:46
968,15 Abii ne viderem - (extract).wma,.wma,\CD 63 - American Music Special\,"2,587,612",07 Jul 2007 11:46
969,16 Mystery Piano Sonata.wma,.wma,\CD 63 - American Music Special\,"3,173,112",07 Jul 2007 11:46
970,17 Requiem - Offertorio.wma,.wma,\CD 63 - American Music Special\,"8,402,206",07 Jul 2007 11:46
972,"01 Suite for cello No. 6 in D major, Prelude.wma",.wma,\Cello Special\,"4,391,976",07 Jul 2007 11:53
973,02 Cello Sonata No. 3 in A major - Scherzo.wma,.wma,\Cello Special\,"5,509,742",07 Jul 2007 11:53
974,03 Cello Concerto - first movement.wma,.wma,\Cello Special\,"6,119,298",07 Jul 2007 11:53
975,04 Bachianas Brasileiras No. 5.wma,.wma,\Cello Special\,"3,543,640",07 Jul 2007 11:53
976,05 Cello Concerto No. 6 in D major.wma,.wma,\Cello Special\,"4,691,016",07 Jul 2007 11:53
977,06 'Le Domain de la Bete'.wma,.wma,\Cello Special\,"3,489,840",07 Jul 2007 11:53
978,07 Piano Sonata No. 11 in A major.wma,.wma,\Cello Special\,"5,330,448",07 Jul 2007 11:53
979,08 'Joyous Easter Hymn'.wma,.wma,\Cello Special\,"2,354,370",07 Jul 2007 11:53
980,09 String Quartet No. 14 in D minor.wma,.wma,\Cello Special\,"6,107,318",07 Jul 2007 11:53
981,10 62- Holst - The Planets 'Neptune'.wma,.wma,\Cello Special\,"3,603,390",07 Jul 2007 11:53
982,11 Symphony No. 8 - second movement.wma,.wma,\Cello Special\,"5,264,762",07 Jul 2007 11:53
983,12 'Flammis orci ne succedar'.wma,.wma,\Cello Special\,"1,774,728",07 Jul 2007 11:53
984,13 62- Arensky - Piano Trio No. 1 in D minor.wma,.wma,\Cello Special\,"5,928,056",07 Jul 2007 11:53
985,14 In the Mists - Molto Adagio.wma,.wma,\Cello Special\,"4,446,010",07 Jul 2007 11:53
986,15 62- Reger - Abendgang (Evening Walk).wma,.wma,\Cello Special\,"3,639,280",07 Jul 2007 11:53
987,16 String Quartet in G minor.wma,.wma,\Cello Special\,"5,252,752",07 Jul 2007 11:53
988,17 62- Debussy - Pelleas et Melisande 'Mes longs cheveux descendent..'.wma,.wma,\Cello Special\,"5,372,356",07 Jul 2007 11:53
990,Charm2-1.wma,.wma,\Charm Offensive\,"27,524,509",05 Nov 2007 17:32
991,Charm2-2.wma,.wma,\Charm Offensive\,"27,303,397",05 Nov 2007 17:32
992,Charm2-3.wma,.wma,\Charm Offensive\,"27,261,565",05 Nov 2007 17:32
993,Charm2-4.wma,.wma,\Charm Offensive\,"27,375,109",05 Nov 2007 17:33
994,Charm2-5.wma,.wma,\Charm Offensive\,"27,327,301",05 Nov 2007 17:34
995,Charm2-6.wma,.wma,\Charm Offensive\,"27,177,901",05 Nov 2007 17:34
997,"01 O Maria, Deu marie.wma",.wma,\Christmas\,"4,505,490",21 May 2010 13:56
998,02.wma,.wma,\Christmas\,"1,320,402",21 May 2010 13:56
999,03 Ecce concipies.wma,.wma,\Christmas\,"2,330,422",21 May 2010 13:56
1000,04 Polyhymnia Caduceatrix.wma,.wma,\Christmas\,"3,161,110",21 May 2010 13:56
1001,"05 Joshep, du Sohn David.wma",.wma,\Christmas\,"3,453,926",21 May 2010 13:56
1002,06 Cherubic Hymn.wma,.wma,\Christmas\,"4,165,048",21 May 2010 13:56
1003,07.wma,.wma,\Christmas\,"2,240,706",21 May 2010 13:56
1004,08.wma,.wma,\Christmas\,"2,461,818",21 May 2010 13:56
1005,09.wma,.wma,\Christmas\,"5,969,730",21 May 2010 13:56
1006,10.wma,.wma,\Christmas\,"5,473,722",21 May 2010 13:56
1007,11 Silent Night.wma,.wma,\Christmas\,"3,161,134",13 Jun 2006 18:22
1008,12.wma,.wma,\Christmas\,"3,346,266",21 May 2010 13:56
1009,13 Ave Maria.wma,.wma,\Christmas\,"2,605,304",21 May 2010 13:56
1010,14.wma,.wma,\Christmas\,"2,939,898",21 May 2010 13:56
1011,15 Bululalow.wma,.wma,\Christmas\,"1,469,870",21 May 2010 13:56
1013,(Disc 2) 01 - All I Want For Christmas Is You (LP Version).mp3,.mp3,\Christmas Hits 2007\,"7,322,561",06 Mar 2010 22:05
1014,(Disc 2) 02 - The Christmas Song (Holiday Remix).mp3,.mp3,\Christmas Hits 2007\,"7,404,488",06 Mar 2010 22:04
1015,(Disc 2) 03 - Have Yourself A Merry Little Christmas.mp3,.mp3,\Christmas Hits 2007\,"9,265,136",06 Mar 2010 22:04
1016,(Disc 2) 04 - The Milennium Prayer.mp3,.mp3,\Christmas Hits 2007\,"8,678,995",06 Mar 2010 22:04
1017,(Disc 2) 05 - White Christmas.mp3,.mp3,\Christmas Hits 2007\,"6,801,703",06 Mar 2010 22:05
1018,(Disc 2) 06 - Christmas Day.mp3,.mp3,\Christmas Hits 2007\,"7,345,114",06 Mar 2010 22:04
1019,(Disc 2) 07 - I Don't Wanna Spend One More Christmas Without.mp3,.mp3,\Christmas Hits 2007\,"7,212,250",06 Mar 2010 22:05
1020,(Disc 2) 08 - My Only Wish (This Year).mp3,.mp3,\Christmas Hits 2007\,"7,595,233",06 Mar 2010 22:04
1021,(Disc 2) 09 - Holiday Celebrate.mp3,.mp3,\Christmas Hits 2007\,"7,397,914",06 Mar 2010 22:05
1022,(Disc 2) 10 - Christmas Time.mp3,.mp3,\Christmas Hits 2007\,"7,441,100",06 Mar 2010 22:04
1023,(Disc 2) 11 - Sleigh Ride.mp3,.mp3,\Christmas Hits 2007\,"4,383,397",06 Mar 2010 22:04
1024,(Disc 2) 12 - All I Want For Christmas (Is My Two Front Teet.mp3,.mp3,\Christmas Hits 2007\,"5,646,163",06 Mar 2010 22:05
1025,(Disc 2) 13 - Deck the Halls.mp3,.mp3,\Christmas Hits 2007\,"2,343,347",06 Mar 2010 22:04
1026,(Disc 2) 14 - Silent Night.mp3,.mp3,\Christmas Hits 2007\,"5,241,048",06 Mar 2010 22:04
1027,(Disc 2) 15 - Jingle Bells.mp3,.mp3,\Christmas Hits 2007\,"6,510,181",06 Mar 2010 22:05
1028,(Disc 2) 16 - When You Wish Upon A Star.mp3,.mp3,\Christmas Hits 2007\,"6,885,526",06 Mar 2010 22:04
1029,(Disc 2) 17 - Rockin' Around The Christmas Tree.mp3,.mp3,\Christmas Hits 2007\,"3,969,779",06 Mar 2010 22:04
1030,(Disc 2) 18 - Blue Christmas.mp3,.mp3,\Christmas Hits 2007\,"5,091,653",06 Mar 2010 22:05
1031,(Disc 2) 19 - Wombling Merry Christmas.mp3,.mp3,\Christmas Hits 2007\,"6,078,959",06 Mar 2010 22:05
1032,(Disc 2) 20 - Stay Another Day.mp3,.mp3,\Christmas Hits 2007\,"8,232,300",06 Mar 2010 22:04
1033,(Disc 3) 01 - Last Christmas (Single Version).mp3,.mp3,\Christmas Hits 2007\,"7,917,180",06 Mar 2010 22:05
1034,(Disc 3) 02 - I Have A Dream.mp3,.mp3,\Christmas Hits 2007\,"7,546,702",06 Mar 2010 22:05
1035,(Disc 3) 03 - O Holy Night.mp3,.mp3,\Christmas Hits 2007\,"7,387,627",06 Mar 2010 22:04
1036,(Disc 3) 04 - Pie Jesu.mp3,.mp3,\Christmas Hits 2007\,"5,962,154",06 Mar 2010 22:04
1037,(Disc 3) 05 - Merry Christmas Baby.mp3,.mp3,\Christmas Hits 2007\,"10,646,815",06 Mar 2010 22:04
1038,(Disc 3) 06 - Let It Snow! Let It Snow! Let It Snow!.mp3,.mp3,\Christmas Hits 2007\,"4,546,153",06 Mar 2010 22:04
1039,(Disc 3) 07 - Santa Baby (Remastered 2001).mp3,.mp3,\Christmas Hits 2007\,"5,987,167",06 Mar 2010 22:04
1040,(Disc 3) 08 - Joy To The World.mp3,.mp3,\Christmas Hits 2007\,"5,597,491",06 Mar 2010 22:04
1041,(Disc 3) 09 - Do You Hear What I Hear.mp3,.mp3,\Christmas Hits 2007\,"7,468,736",06 Mar 2010 22:04
1042,(Disc 3) 10 - Winter Wonderland.mp3,.mp3,\Christmas Hits 2007\,"4,106,534",06 Mar 2010 22:05
1043,(Disc 3) 11 - I'll Be Home For Christmas.mp3,.mp3,\Christmas Hits 2007\,"4,547,824",06 Mar 2010 22:04
1044,(Disc 3) 12 - Oh Happy Day.mp3,.mp3,\Christmas Hits 2007\,"9,702,026",06 Mar 2010 22:04
1045,(Disc 3) 13 - O Christmas Tree.mp3,.mp3,\Christmas Hits 2007\,"3,854,443",06 Mar 2010 22:05
1046,(Disc 3) 14 - Auld Lang Syne.mp3,.mp3,\Christmas Hits 2007\,"7,017,980",06 Mar 2010 22:04
1047,(Disc 3) 15 - Mary's Boy Child.mp3,.mp3,\Christmas Hits 2007\,"5,175,685",06 Mar 2010 22:04
1048,(Disc 3) 16 - What Christmas Means To Me.mp3,.mp3,\Christmas Hits 2007\,"7,075,721",06 Mar 2010 22:04
1049,(Disc 3) 17 - Walking In The Air.mp3,.mp3,\Christmas Hits 2007\,"6,572,884",06 Mar 2010 22:05
1050,(Disc 3) 18 - When A Child Is Born.mp3,.mp3,\Christmas Hits 2007\,"6,982,349",06 Mar 2010 22:04
1051,(Disc 3) 19 - The Power Of Love.mp3,.mp3,\Christmas Hits 2007\,"10,262,265",06 Mar 2010 22:04
1052,(Disc 3) 20 - Winter Wonderland.mp3,.mp3,\Christmas Hits 2007\,"5,372,662",06 Mar 2010 22:05
1053,(Disc 3) 21 - It's Beginning To Look A Lot Like Christmas.mp3,.mp3,\Christmas Hits 2007\,"4,764,440",06 Mar 2010 22:05
1054,(Disc 4) 01 - Angels We Have Heard On High.mp3,.mp3,\Christmas Hits 2007\,"3,549,523",06 Mar 2010 22:05
1055,(Disc 4) 02 - The Holly And The Ivy.mp3,.mp3,\Christmas Hits 2007\,"6,414,279",06 Mar 2010 22:05
1056,(Disc 4) 03 - O Little Town Of Bethlehem.mp3,.mp3,\Christmas Hits 2007\,"5,803,078",06 Mar 2010 22:05
1057,(Disc 4) 04 - Away In A Manger.mp3,.mp3,\Christmas Hits 2007\,"4,704,187",06 Mar 2010 22:05
1058,(Disc 4) 05 - O Come All Ye Faithfull.mp3,.mp3,\Christmas Hits 2007\,"8,238,259",06 Mar 2010 22:05
1059,(Disc 4) 06 - Hark! The Herald Angels Sing.mp3,.mp3,\Christmas Hits 2007\,"5,542,076",06 Mar 2010 22:04
1060,(Disc 4) 07 - We Three Kings.mp3,.mp3,\Christmas Hits 2007\,"4,498,126",06 Mar 2010 22:04
1061,(Disc 4) 08 - The First Nowell.mp3,.mp3,\Christmas Hits 2007\,"9,069,437",06 Mar 2010 22:05
1062,(Disc 4) 09 - I Saw Three Ships.mp3,.mp3,\Christmas Hits 2007\,"3,798,381",06 Mar 2010 22:05
1063,(Disc 4) 10 - Deck The Halls.mp3,.mp3,\Christmas Hits 2007\,"2,071,416",06 Mar 2010 22:05
1064,(Disc 4) 11 - Ding Dong Merrily On High.mp3,.mp3,\Christmas Hits 2007\,"3,906,119",06 Mar 2010 22:05
1065,(Disc 4) 12 - Cherry Tree Carol.mp3,.mp3,\Christmas Hits 2007\,"3,878,863",06 Mar 2010 22:05
1066,(Disc 4) 13 - Come To the Manger.mp3,.mp3,\Christmas Hits 2007\,"7,234,980",06 Mar 2010 22:05
1067,(Disc 4) 14 - It Came Upon A Midnight Clear.mp3,.mp3,\Christmas Hits 2007\,"5,596,390",06 Mar 2010 22:04
1068,(Disc 4) 15 - Personent Hodie.mp3,.mp3,\Christmas Hits 2007\,"3,954,817",06 Mar 2010 22:05
1069,"(Disc 4) 16 - O Come, O Come Emmanuel.mp3",.mp3,\Christmas Hits 2007\,"6,272,263",06 Mar 2010 22:05
1070,(Disc 4) 17 - Hail Blessed Virgin Mary.mp3,.mp3,\Christmas Hits 2007\,"4,156,929",06 Mar 2010 22:04
1071,(Disc 4) 18 - The Seven Joys Of Mary.mp3,.mp3,\Christmas Hits 2007\,"5,705,747",06 Mar 2010 22:05
1072,(Disc 4) 19 - Once In Royal David's City.mp3,.mp3,\Christmas Hits 2007\,"10,317,611",06 Mar 2010 22:04
1073,(Disc 4) 20 - Sussex Carol.mp3,.mp3,\Christmas Hits 2007\,"3,566,451",06 Mar 2010 22:04
1074,(Disc 4) 21 - As With Gladness Men Of Old.mp3,.mp3,\Christmas Hits 2007\,"5,362,818",06 Mar 2010 22:04
1075,(Disc 4) 22 - While Shepherds Watched.mp3,.mp3,\Christmas Hits 2007\,"2,914,023",06 Mar 2010 22:05
1076,001 All I Want For Christmas (Is My_.mp3,.mp3,\Christmas Hits 2007\,"5,646,163",06 Mar 2010 22:05
1077,001 Angels We Have Heard On High.mp3,.mp3,\Christmas Hits 2007\,"3,549,523",06 Mar 2010 22:05
1078,001 Christmas Bop.mp3,.mp3,\Christmas Hits 2007\,"6,731,147",06 Mar 2010 22:05
1079,001 Holiday Celebrate.mp3,.mp3,\Christmas Hits 2007\,"7,397,914",06 Mar 2010 22:05
1080,001 I Believe.mp3,.mp3,\Christmas Hits 2007\,"3,897,197",06 Mar 2010 22:05
1081,001 I Have A Dream.mp3,.mp3,\Christmas Hits 2007\,"7,546,702",06 Mar 2010 22:05
1082,001 I Saw Three Ships.mp3,.mp3,\Christmas Hits 2007\,"3,798,381",06 Mar 2010 22:05
1083,001 Last Christmas (Single Version).mp3,.mp3,\Christmas Hits 2007\,"7,917,180",06 Mar 2010 22:05
1084,001 Merry Christmas Everyone.mp3,.mp3,\Christmas Hits 2007\,"6,592,160",06 Mar 2010 22:05
1085,001 Merry X-Mas Everybody.mp3,.mp3,\Christmas Hits 2007\,"6,726,124",06 Mar 2010 22:05
1086,"001 O Come, O Come Emmanuel.mp3",.mp3,\Christmas Hits 2007\,"6,272,263",06 Mar 2010 22:05
1087,001 Winter Wonderland.mp3,.mp3,\Christmas Hits 2007\,"4,106,534",06 Mar 2010 22:05
1088,001 Wintersong.mp3,.mp3,\Christmas Hits 2007\,"6,472,051",06 Mar 2010 22:05
1089,001 Wombling Merry Christmas.mp3,.mp3,\Christmas Hits 2007\,"6,078,959",06 Mar 2010 22:05
1090,002 Blue Christmas.mp3,.mp3,\Christmas Hits 2007\,"5,091,653",06 Mar 2010 22:05
1091,002 Ding Dong Merrily On High.mp3,.mp3,\Christmas Hits 2007\,"3,906,119",06 Mar 2010 22:05
1092,002 The Holly And The Ivy.mp3,.mp3,\Christmas Hits 2007\,"6,414,279",06 Mar 2010 22:05
1093,003 Away In A Manger.mp3,.mp3,\Christmas Hits 2007\,"4,704,187",06 Mar 2010 22:05
1094,003 Cherry Tree Carol.mp3,.mp3,\Christmas Hits 2007\,"3,878,863",06 Mar 2010 22:05
1095,004 Come To the Manger.mp3,.mp3,\Christmas Hits 2007\,"7,234,980",06 Mar 2010 22:05
1096,004 The Seven Joys Of Mary.mp3,.mp3,\Christmas Hits 2007\,"5,705,747",06 Mar 2010 22:05
1097,005 Personent Hodie.mp3,.mp3,\Christmas Hits 2007\,"3,954,817",06 Mar 2010 22:05
1098,006 While Shepherds Watched.mp3,.mp3,\Christmas Hits 2007\,"2,914,023",06 Mar 2010 22:05
1099,01 - It's The Most Wonderful Time Of The Year.mp3,.mp3,\Christmas Hits 2007\,"5,067,679",06 Mar 2010 22:04
1100,01 _2000 Miles.mp3,.mp3,\Christmas Hits 2007\,"6,732,543",06 Mar 2010 22:05
1101,01 All I Want For Christmas Is You_.mp3,.mp3,\Christmas Hits 2007\,"7,322,561",06 Mar 2010 22:05
1102,01 Auld Lang Syne.mp3,.mp3,\Christmas Hits 2007\,"7,017,980",06 Mar 2010 22:04
1103,01 Christmas Day.mp3,.mp3,\Christmas Hits 2007\,"7,345,114",06 Mar 2010 22:04
1104,01 Christmas Time (Don't Let The Be.mp3,.mp3,\Christmas Hits 2007\,"6,601,959",06 Mar 2010 22:04
1105,01 Christmas Time.mp3,.mp3,\Christmas Hits 2007\,"7,441,100",06 Mar 2010 22:04
1106,01 Deck The Halls 1.mp3,.mp3,\Christmas Hits 2007\,"2,071,416",06 Mar 2010 22:05
1107,01 Deck the Halls.mp3,.mp3,\Christmas Hits 2007\,"2,343,347",06 Mar 2010 22:04
1108,01 Do You Hear What I Hear.mp3,.mp3,\Christmas Hits 2007\,"7,468,736",06 Mar 2010 22:04
1109,01 Dream A Dream.mp3,.mp3,\Christmas Hits 2007\,"7,057,285",06 Mar 2010 22:04
1110,01 Driving Home For Christmas.mp3,.mp3,\Christmas Hits 2007\,"7,368,891",06 Mar 2010 22:04
1111,01 Early Christmas Morning.mp3,.mp3,\Christmas Hits 2007\,"6,936,482",06 Mar 2010 22:04
1112,01 Fairytale of New York.mp3,.mp3,\Christmas Hits 2007\,"8,439,942",06 Mar 2010 22:05
1113,01 Hark! The Herald Angels Sing.mp3,.mp3,\Christmas Hits 2007\,"5,542,076",06 Mar 2010 22:04
1114,01 Have Yourself A Merry Little Chr.mp3,.mp3,\Christmas Hits 2007\,"9,265,136",06 Mar 2010 22:04
1115,01 I Don't Wanna Spend One More Chr.mp3,.mp3,\Christmas Hits 2007\,"7,212,250",06 Mar 2010 22:05
1116,01 I'll Be Home For Christmas.mp3,.mp3,\Christmas Hits 2007\,"4,547,824",06 Mar 2010 22:04
1117,01 It's Beginning To Look A Lot Lik.mp3,.mp3,\Christmas Hits 2007\,"4,764,440",06 Mar 2010 22:05
1118,01 It's The Most Wonderful Time Of_.mp3,.mp3,\Christmas Hits 2007\,"5,067,679",06 Mar 2010 22:04
1119,01 Jingle Bells.mp3,.mp3,\Christmas Hits 2007\,"6,510,181",06 Mar 2010 22:05
1120,01 Joy To The World.mp3,.mp3,\Christmas Hits 2007\,"5,597,491",06 Mar 2010 22:04
1121,01 Let It Snow! Let It Snow! Let It.mp3,.mp3,\Christmas Hits 2007\,"4,546,153",06 Mar 2010 22:04
1122,01 Love On Layaway.mp3,.mp3,\Christmas Hits 2007\,"8,083,970",06 Mar 2010 22:04
1123,01 Mary's Boy Child _ Oh My Lord.mp3,.mp3,\Christmas Hits 2007\,"7,569,525",06 Mar 2010 22:04
1124,01 Mary's Boy Child.mp3,.mp3,\Christmas Hits 2007\,"5,175,685",06 Mar 2010 22:04
1125,01 Merry Christmas Baby.mp3,.mp3,\Christmas Hits 2007\,"10,646,815",06 Mar 2010 22:04
1126,01 My Only Wish (This Year).mp3,.mp3,\Christmas Hits 2007\,"7,595,233",06 Mar 2010 22:04
1127,01 O Christmas Tree.mp3,.mp3,\Christmas Hits 2007\,"3,854,443",06 Mar 2010 22:05
1128,01 O Holy Night.mp3,.mp3,\Christmas Hits 2007\,"7,387,627",06 Mar 2010 22:04
1129,01 O Little Town Of Bethlehem.mp3,.mp3,\Christmas Hits 2007\,"5,803,078",06 Mar 2010 22:05
1130,01 Oh Happy Day.mp3,.mp3,\Christmas Hits 2007\,"9,702,026",06 Mar 2010 22:04
1131,01 Once In Royal David's City.mp3,.mp3,\Christmas Hits 2007\,"10,317,611",06 Mar 2010 22:04
1132,01 Over The Rainbow.mp3,.mp3,\Christmas Hits 2007\,"8,974,163",06 Mar 2010 22:04
1133,01 Pie Jesu.mp3,.mp3,\Christmas Hits 2007\,"5,962,154",06 Mar 2010 22:04
1134,01 Proper Crimbo (Single Version).mp3,.mp3,\Christmas Hits 2007\,"6,540,365",06 Mar 2010 22:04
1135,01 Rockin' Around The Christmas Tre.mp3,.mp3,\Christmas Hits 2007\,"3,969,779",06 Mar 2010 22:04
1136,01 Santa Baby (Remastered 2001).mp3,.mp3,\Christmas Hits 2007\,"5,987,167",06 Mar 2010 22:04
1137,01 Santa Claus Is Comin' To Town.mp3,.mp3,\Christmas Hits 2007\,"4,713,979",06 Mar 2010 22:04
1138,01 Silent Night.mp3,.mp3,\Christmas Hits 2007\,"5,241,048",06 Mar 2010 22:04
1139,01 Sleigh Ride.mp3,.mp3,\Christmas Hits 2007\,"4,383,397",06 Mar 2010 22:04
1140,01 Stay Another Day.mp3,.mp3,\Christmas Hits 2007\,"8,232,300",06 Mar 2010 22:04
1141,01 Stop The Cavalry.mp3,.mp3,\Christmas Hits 2007\,"5,428,024",06 Mar 2010 22:04
1142,01 The Christmas Song (Holiday Remi.mp3,.mp3,\Christmas Hits 2007\,"7,404,488",06 Mar 2010 22:04
1143,01 The Little Drummer Boy.mp3,.mp3,\Christmas Hits 2007\,"4,797,539",06 Mar 2010 22:04
1144,01 The Milennium Prayer.mp3,.mp3,\Christmas Hits 2007\,"8,678,995",06 Mar 2010 22:04
1145,01 The Power Of Love.mp3,.mp3,\Christmas Hits 2007\,"10,262,265",06 Mar 2010 22:04
1146,01 Walking In The Air.mp3,.mp3,\Christmas Hits 2007\,"6,572,884",06 Mar 2010 22:05
1147,01 We Three Kings.mp3,.mp3,\Christmas Hits 2007\,"4,498,126",06 Mar 2010 22:04
1148,01 What Christmas Means To Me.mp3,.mp3,\Christmas Hits 2007\,"7,075,721",06 Mar 2010 22:04
1149,01 When A Child Is Born.mp3,.mp3,\Christmas Hits 2007\,"6,982,349",06 Mar 2010 22:04
1150,01 When You Wish Upon A Star.mp3,.mp3,\Christmas Hits 2007\,"6,885,526",06 Mar 2010 22:04
1151,01 White Christmas.mp3,.mp3,\Christmas Hits 2007\,"6,801,703",06 Mar 2010 22:05
1152,01 Winter Wonderland.mp3,.mp3,\Christmas Hits 2007\,"5,372,662",06 Mar 2010 22:04
1153,02 - Fairytale of New York.mp3,.mp3,\Christmas Hits 2007\,"8,439,942",06 Mar 2010 22:05
1154,02 It Came Upon A Midnight Clear.mp3,.mp3,\Christmas Hits 2007\,"5,596,390",06 Mar 2010 22:04
1155,02 O Come All Ye Faithfull.mp3,.mp3,\Christmas Hits 2007\,"8,238,259",06 Mar 2010 22:05
1156,03 - 2000 Miles.mp3,.mp3,\Christmas Hits 2007\,"6,732,543",06 Mar 2010 22:05
1157,03 Hail Blessed Virgin Mary.mp3,.mp3,\Christmas Hits 2007\,"4,156,929",06 Mar 2010 22:04
1158,03 The First Nowell.mp3,.mp3,\Christmas Hits 2007\,"9,069,437",06 Mar 2010 22:05
1159,04 - Merry Christmas Everyone.mp3,.mp3,\Christmas Hits 2007\,"6,592,160",06 Mar 2010 22:05
1160,04 Sussex Carol.mp3,.mp3,\Christmas Hits 2007\,"3,566,451",06 Mar 2010 22:04
1161,05 - Driving Home For Christmas.mp3,.mp3,\Christmas Hits 2007\,"7,368,891",06 Mar 2010 22:04
1162,05 As With Gladness Men Of Old.mp3,.mp3,\Christmas Hits 2007\,"5,362,818",06 Mar 2010 22:04
1163,06 - Stop The Cavalry.mp3,.mp3,\Christmas Hits 2007\,"5,428,024",06 Mar 2010 22:04
1164,07 - I Believe.mp3,.mp3,\Christmas Hits 2007\,"3,897,197",06 Mar 2010 22:05
1165,08 - Early Christmas Morning.mp3,.mp3,\Christmas Hits 2007\,"6,936,482",06 Mar 2010 22:04
1166,09 - Love On Layaway.mp3,.mp3,\Christmas Hits 2007\,"8,083,970",06 Mar 2010 22:04
1167,10 - Dream A Dream.mp3,.mp3,\Christmas Hits 2007\,"7,057,285",06 Mar 2010 22:04
1168,11 - Merry X-Mas Everybody.mp3,.mp3,\Christmas Hits 2007\,"6,726,124",06 Mar 2010 22:05
1169,12 - Proper Crimbo (Single Version).mp3,.mp3,\Christmas Hits 2007\,"6,540,365",06 Mar 2010 22:04
1170,13 - Christmas Time (Don't Let The Bells End).mp3,.mp3,\Christmas Hits 2007\,"6,601,959",06 Mar 2010 22:04
1171,14 - Over The Rainbow.mp3,.mp3,\Christmas Hits 2007\,"8,974,163",06 Mar 2010 22:04
1172,15 - Wintersong.mp3,.mp3,\Christmas Hits 2007\,"6,472,051",06 Mar 2010 22:05
1173,16 - The Little Drummer Boy.mp3,.mp3,\Christmas Hits 2007\,"4,797,539",06 Mar 2010 22:04
1174,17 - Santa Claus Is Comin' To Town.mp3,.mp3,\Christmas Hits 2007\,"4,713,979",06 Mar 2010 22:04
1175,18 - Christmas Bop.mp3,.mp3,\Christmas Hits 2007\,"6,731,147",06 Mar 2010 22:05
1176,19 - Mary's Boy Child _ Oh My Lord.mp3,.mp3,\Christmas Hits 2007\,"7,569,525",06 Mar 2010 22:04
1183,01 L'Incoronazione de Poppea.wma,.wma,\CLASSIC CD\,"5,557,318",21 May 2010 13:50
1184,01 Pergolesi.wma,.wma,\CLASSIC CD\,"4,774,774",28 Jun 2007 21:07
1185,02 44- Saint-Saens - The Carnival of the Animals.wma,.wma,\CLASSIC CD\,"7,110,538",28 Jun 2007 21:07
1186,02 A.wma,.wma,\CLASSIC CD\,"3,824,278",21 May 2010 13:50
1187,03 Mozart.wma,.wma,\CLASSIC CD\,"10,000,670",28 Jun 2007 21:07
1188,04 Beethoven.wma,.wma,\CLASSIC CD\,"13,642,498",28 Jun 2007 21:07
1189,05 F.wma,.wma,\CLASSIC CD\,"3,872,086",21 May 2010 13:51
1190,05 Hindemith.wma,.wma,\CLASSIC CD\,"3,763,910",28 Jun 2007 21:07
1191,06 Concerto de violino em Mi.wma,.wma,\CLASSIC CD\,"5,127,046",21 May 2010 13:51
1192,06 Tchaikovsky.wma,.wma,\CLASSIC CD\,"10,125,950",28 Jun 2007 21:07
1193,07 Beethoven.wma,.wma,\CLASSIC CD\,"8,309,484",28 Jun 2007 21:07
1194,07 J.wma,.wma,\CLASSIC CD\,"2,413,942",21 May 2010 13:51
1195,08 Debussy.wma,.wma,\CLASSIC CD\,"6,555,678",28 Jun 2007 21:07
1196,08 G.wma,.wma,\CLASSIC CD\,"919,942",21 May 2010 13:51
1197,09 Puccini.wma,.wma,\CLASSIC CD\,"11,146,090",28 Jun 2007 21:07
1198,09 Y.wma,.wma,\CLASSIC CD\,"5,192,782",21 May 2010 13:51
1199,10 Couperin.wma,.wma,\CLASSIC CD\,"6,850,966",28 Jun 2007 21:07
1200,10 L.wma,.wma,\CLASSIC CD\,"4,356,142",21 May 2010 13:51
1201,11 Blow.wma,.wma,\CLASSIC CD\,"9,052,158",28 Jun 2007 21:07
1202,12 O.wma,.wma,\CLASSIC CD\,"4,075,270",21 May 2010 13:51
1203,12 Wagner.wma,.wma,\CLASSIC CD\,"11,638,138",28 Jun 2007 21:07
1204,13 Concerto para Violoncelo e Mi menor - excerto.wma,.wma,\CLASSIC CD\,"2,216,734",21 May 2010 13:51
1205,13 Suk.wma,.wma,\CLASSIC CD\,"5,607,174",28 Jun 2007 21:07
1206,14 Arnold.wma,.wma,\CLASSIC CD\,"6,099,326",28 Jun 2007 21:07
1207,15 Jungle Book.wma,.wma,\CLASSIC CD\,"3,328,270",21 May 2010 13:51
1208,16 T.wma,.wma,\CLASSIC CD\,"3,143,014",21 May 2010 13:51
1209,17 U.wma,.wma,\CLASSIC CD\,"7,236,574",21 May 2010 13:51
1210,18 V.wma,.wma,\CLASSIC CD\,"6,220,654",21 May 2010 13:51
1211,19 X.wma,.wma,\CLASSIC CD\,"5,348,158",21 May 2010 13:51
1215,01 A Hymn to the Mother of God.wma,.wma,\Classic CD - Music for Christmas\,"2,395,986",07 Jul 2007 11:37
1216,02 Quatre motets pour le temps de Noel - 'Videntes stellam'.wma,.wma,\Classic CD - Music for Christmas\,"3,125,446",07 Jul 2007 11:37
1217,03 In the bleak mid-winter.wma,.wma,\Classic CD - Music for Christmas\,"2,228,908",07 Jul 2007 11:37
1218,"04 Jesu, Thou the Virgin-born.wma",.wma,\Classic CD - Music for Christmas\,"3,185,074",07 Jul 2007 11:37
1219,05 It came upon the Midnight Clear.wma,.wma,\Classic CD - Music for Christmas\,"1,798,740",07 Jul 2007 11:37
1220,06 El Rorro.wma,.wma,\Classic CD - Music for Christmas\,"2,282,694",07 Jul 2007 11:37
1221,07 Christmas Eve Suite - 'Ovysen and Kolyada Procession'.wma,.wma,\Classic CD - Music for Christmas\,"4,081,620",07 Jul 2007 11:37
1222,08 L'Enfance du Christ - 'The Shepherds' Farewell'.wma,.wma,\Classic CD - Music for Christmas\,"5,007,804",07 Jul 2007 11:37
1223,09 Fur unto us a child is born.wma,.wma,\Classic CD - Music for Christmas\,"3,812,560",07 Jul 2007 11:37
1224,"10 Cantata No 65 'Epiphany' - first movement, 'Chorus- Sie Werden aus Saba alle kommen'.wma",.wma,\Classic CD - Music for Christmas\,"4,404,374",07 Jul 2007 11:37
1225,"11 Christmas Oratorio - Part One, Chorus- 'Jauchzet, frohlocket'.wma",.wma,\Classic CD - Music for Christmas\,"4,977,956",07 Jul 2007 11:37
1226,"12 Concerto for strings 'Il riposo - per il Santissimo Natale', RV270 - First Movement, 'Allegro'.wma",.wma,\Classic CD - Music for Christmas\,"3,782,874",07 Jul 2007 11:37
